Jour,Heure,DonnÃ©e,Valeur
2014-12-09,20:41:11,interieur,24.7
2014-12-09,20:41:13,interieur,24.7
2014-12-09,20:41:15,interieur,24.7
2014-12-09,20:41:18,interieur,24.7
2014-12-09,20:41:20,interieur,24.7
2014-12-09,20:41:22,interieur,24.7
2014-12-09,20:41:24,interieur,24.7
2014-12-09,20:41:26,interieur,24.7
2014-12-09,20:41:28,interieur,24.7
2014-12-09,20:41:30,interieur,24.7
2014-12-09,20:41:32,interieur,24.8
2014-12-09,20:41:34,interieur,24.7
2014-12-09,20:41:36,interieur,24.8
2014-12-09,20:41:38,interieur,24.7
2014-12-09,20:41:40,interieur,24.7
2014-12-09,20:41:42,interieur,24.7
2014-12-09,20:41:44,interieur,24.7
2014-12-09,20:41:46,interieur,24.7
2014-12-09,20:41:48,interieur,24.8
2014-12-09,20:41:50,interieur,24.7
2014-12-09,20:41:52,interieur,24.7
2014-12-09,20:41:54,interieur,24.8
2014-12-09,20:41:56,interieur,24.8
2014-12-09,20:41:58,interieur,24.7
2014-12-09,20:42:00,interieur,24.8
2014-12-09,20:42:02,interieur,24.8
2014-12-09,20:42:04,interieur,24.8
2014-12-09,20:42:06,interieur,24.8
2014-12-09,20:42:08,interieur,24.8
2014-12-09,20:42:10,interieur,24.8
2014-12-09,20:42:12,interieur,24.8
2014-12-09,20:42:14,interieur,24.8
2014-12-09,20:42:16,interieur,24.8
2014-12-09,20:42:18,interieur,24.8
2014-12-09,20:42:20,interieur,24.8
2014-12-09,20:42:22,interieur,24.8
2014-12-09,20:42:24,interieur,24.8
2014-12-09,20:42:26,interieur,24.8
2014-12-09,20:42:28,interieur,24.8
2014-12-09,20:42:30,interieur,24.8
2014-12-09,20:42:42,interieur,24.8
2014-12-09,20:42:44,interieur,24.8
2014-12-09,20:42:46,interieur,24.8
2014-12-09,20:42:48,interieur,24.8
2014-12-09,20:42:50,interieur,24.8
2014-12-09,20:42:52,interieur,24.8
2014-12-09,20:42:54,interieur,24.8
2014-12-09,20:42:56,interieur,24.8
2014-12-09,20:42:58,interieur,24.8
2014-12-09,20:43:00,interieur,24.8
2014-12-09,20:43:02,interieur,24.8
2014-12-09,20:43:04,interieur,24.8
2014-12-09,20:43:06,interieur,24.8
2014-12-09,20:43:08,interieur,24.8
2014-12-09,20:43:10,interieur,24.8
2014-12-09,20:43:12,interieur,24.8
2014-12-09,20:43:14,interieur,24.8
2014-12-09,20:43:16,interieur,24.8
2014-12-09,20:43:19,interieur,24.8
2014-12-09,20:43:20,interieur,24.8
2014-12-09,20:43:22,interieur,24.8
2014-12-09,20:43:31,interieur,24.8
2014-12-09,20:43:33,interieur,24.8
2014-12-09,20:43:35,interieur,24.8
2014-12-09,20:43:37,interieur,24.8
2014-12-09,20:43:39,interieur,24.8
2014-12-09,20:43:41,interieur,24.8
2014-12-09,20:43:43,interieur,24.8
2014-12-09,20:43:45,interieur,24.8
2014-12-09,20:43:47,interieur,24.8
2014-12-09,20:43:49,interieur,24.8
2014-12-09,20:43:51,interieur,24.8
2014-12-09,20:43:53,interieur,24.8
2014-12-09,20:43:55,interieur,24.8
2014-12-09,20:43:57,interieur,24.8
2014-12-09,20:43:59,interieur,24.8
2014-12-09,20:44:01,interieur,24.8
2014-12-09,20:44:03,interieur,24.8
2014-12-09,20:44:05,interieur,24.8
2014-12-09,20:44:07,interieur,24.8
2014-12-09,20:44:09,interieur,24.8
2014-12-09,20:44:11,interieur,24.8
2014-12-09,20:44:13,interieur,24.8
2014-12-09,20:44:15,interieur,24.8
2014-12-09,20:44:17,interieur,24.8
2014-12-09,20:44:19,interieur,24.8
2014-12-09,20:44:21,interieur,24.8
2014-12-09,20:44:23,interieur,24.8
2014-12-09,20:44:25,interieur,24.8
2014-12-09,20:44:27,interieur,24.8
2014-12-09,20:44:29,interieur,24.8
2014-12-09,20:44:31,interieur,24.8
2014-12-09,20:44:33,interieur,24.8
2014-12-09,20:44:35,interieur,24.8
2014-12-09,20:44:37,interieur,24.8
2014-12-09,20:44:39,interieur,24.8
2014-12-09,20:44:41,interieur,24.8
2014-12-09,20:44:43,interieur,24.8
2014-12-09,20:44:45,interieur,24.8
2014-12-09,20:44:47,interieur,24.8
2014-12-09,20:44:49,interieur,24.8
2014-12-09,20:44:51,interieur,24.8
2014-12-09,20:44:53,interieur,24.8
2014-12-09,20:44:55,interieur,24.8
2014-12-09,20:44:57,interieur,24.8
2014-12-09,20:44:59,interieur,24.8
2014-12-09,20:45:01,interieur,24.8
2014-12-09,20:45:03,interieur,24.8
2014-12-09,20:45:05,interieur,24.8
2014-12-09,20:45:07,interieur,24.8
2014-12-09,20:45:09,interieur,24.8
2014-12-09,20:45:11,interieur,24.8
2014-12-09,20:45:13,interieur,24.8
2014-12-09,20:45:15,interieur,24.8
2014-12-09,20:45:17,interieur,24.8
2014-12-09,20:45:19,interieur,24.8
2014-12-09,20:45:21,interieur,24.8
2014-12-09,20:45:23,interieur,24.8
2014-12-09,20:45:25,interieur,24.8
2014-12-09,20:45:27,interieur,24.8
2014-12-09,20:45:29,interieur,24.8
2014-12-09,20:45:31,interieur,24.8
2014-12-09,20:45:33,interieur,24.8
2014-12-09,20:45:35,interieur,24.8
2014-12-09,20:45:37,interieur,24.8
2014-12-09,20:45:39,interieur,24.8
2014-12-09,20:45:41,interieur,24.8
2014-12-09,20:45:43,interieur,24.8
2014-12-09,20:45:45,interieur,24.8
2014-12-09,20:45:47,interieur,24.8
2014-12-09,20:45:49,interieur,24.8
2014-12-09,20:45:51,interieur,24.8
2014-12-09,20:45:53,interieur,24.8
2014-12-09,20:45:55,interieur,24.8
2014-12-09,20:45:57,interieur,24.8
2014-12-09,20:45:59,interieur,24.8
2014-12-09,20:46:01,interieur,24.8
2014-12-09,20:46:03,interieur,24.8
2014-12-09,20:46:05,interieur,24.8
2014-12-09,20:46:07,interieur,24.8
2014-12-09,20:46:09,interieur,24.8
2014-12-09,20:46:11,interieur,24.8
2014-12-09,20:46:13,interieur,24.8
2014-12-09,20:46:15,interieur,24.8
2014-12-09,20:46:17,interieur,24.8
2014-12-09,20:46:19,interieur,24.8
2014-12-09,20:46:21,interieur,24.8
2014-12-09,20:46:24,interieur,24.8
2014-12-09,20:46:26,interieur,24.8
2014-12-09,20:46:28,interieur,24.8
2014-12-09,20:46:30,interieur,24.8
2014-12-09,20:46:32,interieur,24.8
2014-12-09,20:46:34,interieur,24.8
2014-12-09,20:46:36,interieur,24.8
2014-12-09,20:46:38,interieur,24.8
2014-12-09,20:46:40,interieur,24.8
2014-12-09,20:46:42,interieur,24.8
2014-12-09,20:46:44,interieur,24.8
2014-12-09,20:46:46,interieur,24.8
2014-12-09,20:46:48,interieur,24.8
2014-12-09,20:46:50,interieur,24.8
2014-12-09,20:46:52,interieur,24.8
2014-12-09,20:46:54,interieur,24.8
2014-12-09,20:46:56,interieur,24.8
2014-12-09,20:46:58,interieur,24.8
2014-12-09,20:47:00,interieur,24.8
2014-12-09,20:47:02,interieur,24.8
2014-12-09,20:47:04,interieur,24.8
2014-12-09,20:47:06,interieur,24.8
2014-12-09,20:47:08,interieur,24.8
2014-12-09,20:47:10,interieur,24.8
2014-12-09,20:47:12,interieur,24.8
2014-12-09,20:47:14,interieur,24.7
2014-12-09,20:47:16,interieur,24.7
2014-12-09,20:47:18,interieur,24.6
2014-12-09,20:47:20,interieur,24.6
2014-12-09,20:47:22,interieur,24.6
2014-12-09,20:47:24,interieur,24.6
2014-12-09,20:47:26,interieur,24.5
2014-12-09,20:47:28,interieur,24.5
2014-12-09,20:47:30,interieur,24.5
2014-12-09,20:47:32,interieur,24.4
2014-12-09,20:47:35,interieur,24.4
2014-12-09,20:47:37,interieur,24.4
2014-12-09,20:47:39,interieur,24.4
2014-12-09,20:47:41,interieur,24.3
2014-12-09,20:47:43,interieur,24.3
2014-12-09,20:47:45,interieur,24.3
2014-12-09,20:47:47,interieur,24.3
2014-12-09,20:47:49,interieur,24.2
2014-12-09,20:47:51,interieur,24.2
2014-12-09,20:47:53,interieur,24.2
2014-12-09,20:47:55,interieur,24.2
2014-12-09,20:47:57,interieur,24.2
2014-12-09,20:47:59,interieur,24.1
2014-12-09,20:48:01,interieur,24.1
2014-12-09,20:48:03,interieur,24.1
2014-12-09,20:48:05,interieur,24.1
2014-12-09,20:48:07,interieur,24.1
2014-12-09,20:48:09,interieur,24.1
2014-12-09,20:48:11,interieur,24
2014-12-09,20:48:13,interieur,24
2014-12-09,20:48:15,interieur,24
2014-12-09,20:48:17,interieur,23.9
2014-12-09,20:48:19,interieur,23.9
2014-12-09,20:48:21,interieur,23.9
2014-12-09,20:48:23,interieur,23.8
2014-12-09,20:48:25,interieur,23.8
2014-12-09,20:48:27,interieur,23.8
2014-12-09,20:48:29,interieur,23.8
2014-12-09,20:48:31,interieur,23.7
2014-12-09,20:48:33,interieur,23.7
2014-12-09,20:48:35,interieur,23.6
2014-12-09,20:48:37,interieur,23.6
2014-12-09,20:48:39,interieur,23.6
2014-12-09,20:48:41,interieur,23.6
2014-12-09,20:48:43,interieur,23.5
2014-12-09,20:48:45,interieur,23.5
2014-12-09,20:48:47,interieur,23.5
2014-12-09,20:48:49,interieur,23.4
2014-12-09,20:48:51,interieur,23.4
2014-12-09,20:48:53,interieur,23.4
2014-12-09,20:48:55,interieur,23.4
2014-12-09,20:48:57,interieur,23.3
2014-12-09,20:48:59,interieur,23.3
2014-12-09,20:49:01,interieur,23.3
2014-12-09,20:49:03,interieur,23.3
2014-12-09,20:49:05,interieur,23.3
2014-12-09,20:49:07,interieur,23.2
2014-12-09,20:49:09,interieur,23.2
2014-12-09,20:49:11,interieur,23.2
2014-12-09,20:49:13,interieur,23.1
2014-12-09,20:49:15,interieur,23.1
2014-12-09,20:49:17,interieur,23.1
2014-12-09,20:49:19,interieur,23.1
2014-12-09,20:49:21,interieur,23.1
2014-12-09,20:49:23,interieur,23
2014-12-09,20:49:25,interieur,23
2014-12-09,20:49:27,interieur,23
2014-12-09,20:49:29,interieur,22.9
2014-12-09,20:49:31,interieur,22.9
2014-12-09,20:49:33,interieur,22.9
2014-12-09,20:49:35,interieur,22.9
2014-12-09,20:49:37,interieur,22.9
2014-12-09,20:49:39,interieur,22.8
2014-12-09,20:49:41,interieur,22.8
2014-12-09,20:49:43,interieur,22.8
2014-12-09,20:49:45,interieur,22.8
2014-12-09,20:49:47,interieur,22.8
2014-12-09,20:49:49,interieur,22.7
2014-12-09,20:49:51,interieur,22.7
2014-12-09,20:49:53,interieur,22.7
2014-12-09,20:49:55,interieur,22.7
2014-12-09,20:49:57,interieur,22.6
2014-12-09,20:49:59,interieur,22.6
2014-12-09,20:50:01,interieur,22.6
2014-12-09,20:50:03,interieur,22.6
2014-12-09,20:50:05,interieur,22.6
2014-12-09,20:50:07,interieur,22.6
2014-12-09,20:50:09,interieur,22.5
2014-12-09,20:50:11,interieur,22.5
2014-12-09,20:50:13,interieur,22.5
2014-12-09,20:50:15,interieur,22.4
2014-12-09,20:50:17,interieur,22.4
2014-12-09,20:50:19,interieur,22.4
2014-12-09,20:50:21,interieur,22.4
2014-12-09,20:50:23,interieur,22.4
2014-12-09,20:50:25,interieur,22.3
2014-12-09,20:50:27,interieur,22.3
2014-12-09,20:50:29,interieur,22.3
2014-12-09,20:50:31,interieur,22.3
2014-12-09,20:50:33,interieur,22.2
2014-12-09,20:50:35,interieur,22.2
2014-12-09,20:50:37,interieur,22.2
2014-12-09,20:50:39,interieur,22.2
2014-12-09,20:50:41,interieur,22.2
2014-12-09,20:50:43,interieur,22.2
2014-12-09,20:50:46,interieur,22.1
2014-12-09,20:50:48,interieur,22.1
2014-12-09,20:50:50,interieur,22.1
2014-12-09,20:50:52,interieur,22.1
2014-12-09,20:50:54,interieur,22
2014-12-09,20:50:56,interieur,22
2014-12-09,20:50:58,interieur,22
2014-12-09,20:51:00,interieur,21.9
2014-12-09,20:51:02,interieur,21.9
2014-12-09,20:51:04,interieur,21.9
2014-12-09,20:51:06,interieur,21.9
2014-12-09,20:51:08,interieur,21.9
2014-12-09,20:51:10,interieur,21.9
2014-12-09,20:51:12,interieur,21.9
2014-12-09,20:51:14,interieur,21.9
2014-12-09,20:51:16,interieur,21.8
2014-12-09,20:51:18,interieur,21.8
2014-12-09,20:51:20,interieur,21.8
2014-12-09,20:51:22,interieur,21.8
2014-12-09,20:51:24,interieur,21.8
2014-12-09,20:51:26,interieur,21.8
2014-12-09,20:51:28,interieur,21.8
2014-12-09,20:51:30,interieur,21.8
2014-12-09,20:51:32,interieur,21.8
2014-12-09,20:51:34,interieur,21.8
2014-12-09,20:51:36,interieur,21.8
2014-12-09,20:51:38,interieur,21.8
2014-12-09,20:51:40,interieur,21.8
2014-12-09,20:51:42,interieur,21.8
2014-12-09,20:51:44,interieur,21.8
2014-12-09,20:51:46,interieur,21.8
2014-12-09,20:51:48,interieur,21.8
2014-12-09,20:51:50,interieur,21.7
2014-12-09,20:51:52,interieur,21.8
2014-12-09,20:51:54,interieur,21.7
2014-12-09,20:51:56,interieur,21.7
2014-12-09,20:51:58,interieur,21.7
2014-12-09,20:52:00,interieur,21.7
2014-12-09,20:52:02,interieur,21.7
2014-12-09,20:52:04,interieur,21.7
2014-12-09,20:52:06,interieur,21.7
2014-12-09,20:52:08,interieur,21.7
2014-12-09,20:52:10,interieur,21.7
2014-12-09,20:52:12,interieur,21.7
2014-12-09,20:52:14,interieur,21.7
2014-12-09,20:52:17,interieur,21.6
2014-12-09,20:52:18,interieur,21.6
2014-12-09,20:52:21,interieur,21.6
2014-12-09,20:52:23,interieur,21.6
2014-12-09,20:52:25,interieur,21.6
2014-12-09,20:52:27,interieur,21.6
2014-12-09,20:52:29,interieur,21.6
2014-12-09,20:52:31,interieur,21.6
2014-12-09,20:52:33,interieur,21.6
2014-12-09,20:52:35,interieur,21.6
2014-12-09,20:52:37,interieur,21.5
2014-12-09,20:52:39,interieur,21.5
2014-12-09,20:52:41,interieur,21.5
2014-12-09,20:52:43,interieur,21.5
2014-12-09,20:52:45,interieur,21.5
2014-12-09,20:52:47,interieur,21.5
2014-12-09,20:52:49,interieur,21.5
2014-12-09,20:52:51,interieur,21.5
2014-12-09,20:52:53,interieur,21.5
2014-12-09,20:52:55,interieur,21.5
2014-12-09,20:52:57,interieur,21.5
2014-12-09,20:52:59,interieur,21.5
2014-12-09,20:53:01,interieur,21.5
2014-12-09,20:53:03,interieur,21.5
2014-12-09,20:53:05,interieur,21.5
2014-12-09,20:53:07,interieur,21.5
2014-12-09,20:53:09,interieur,21.5
2014-12-09,20:53:11,interieur,21.5
2014-12-09,20:53:13,interieur,21.5
2014-12-09,20:53:15,interieur,21.5
2014-12-09,20:53:17,interieur,21.5
2014-12-09,20:53:19,interieur,21.5
2014-12-09,20:53:21,interieur,21.5
2014-12-09,20:53:23,interieur,21.5
2014-12-09,20:53:25,interieur,21.5
2014-12-09,20:53:27,interieur,21.5
2014-12-09,20:53:29,interieur,21.4
2014-12-09,20:53:31,interieur,21.4
2014-12-09,20:53:33,interieur,21.4
2014-12-09,20:53:35,interieur,21.4
2014-12-09,20:53:37,interieur,21.4
2014-12-09,20:53:39,interieur,21.4
2014-12-09,20:53:41,interieur,21.4
2014-12-09,20:53:43,interieur,21.3
2014-12-09,20:53:45,interieur,21.3
2014-12-09,20:53:47,interieur,21.3
2014-12-09,20:53:49,interieur,21.3
2014-12-09,20:53:51,interieur,21.3
2014-12-09,20:53:53,interieur,21.3
2014-12-09,20:53:55,interieur,21.3
2014-12-09,20:53:58,interieur,21.2
2014-12-09,20:54:00,interieur,21.2
2014-12-09,20:54:02,interieur,21.2
2014-12-09,20:54:04,interieur,21.2
2014-12-09,20:54:06,interieur,21.2
2014-12-09,20:54:08,interieur,21.2
2014-12-09,20:54:10,interieur,21.2
2014-12-09,20:54:12,interieur,21.2
2014-12-09,20:54:14,interieur,21.2
2014-12-09,20:54:16,interieur,21.3
2014-12-09,20:54:18,interieur,21.3
2014-12-09,20:54:20,interieur,21.3
2014-12-09,20:54:22,interieur,21.4
2014-12-09,20:54:24,interieur,21.4
2014-12-09,20:54:26,interieur,21.4
2014-12-09,20:54:28,interieur,21.5
2014-12-09,20:54:30,interieur,21.5
2014-12-09,20:54:32,interieur,21.5
2014-12-09,20:54:34,interieur,21.5
2014-12-09,20:54:36,interieur,21.6
2014-12-09,20:54:38,interieur,21.6
2014-12-09,20:54:40,interieur,21.6
2014-12-09,20:54:42,interieur,21.6
2014-12-09,20:54:44,interieur,21.7
2014-12-09,20:54:46,interieur,21.7
2014-12-09,20:54:48,interieur,21.7
2014-12-09,20:54:50,interieur,21.7
2014-12-09,20:54:52,interieur,21.7
2014-12-09,20:54:54,interieur,21.8
2014-12-09,20:54:56,interieur,21.8
2014-12-09,20:54:58,interieur,21.8
2014-12-09,20:55:00,interieur,21.8
2014-12-09,20:55:02,interieur,21.8
2014-12-09,20:55:04,interieur,21.9
2014-12-09,20:55:06,interieur,21.9
2014-12-09,20:55:08,interieur,21.9
2014-12-09,20:55:10,interieur,21.9
2014-12-09,20:55:12,interieur,22
2014-12-09,20:55:14,interieur,22
2014-12-09,20:55:16,interieur,22
2014-12-09,20:55:18,interieur,22.1
2014-12-09,20:55:20,interieur,22.1
2014-12-09,20:55:22,interieur,22.1
2014-12-09,20:55:24,interieur,22.1
2014-12-09,20:55:26,interieur,22.2
2014-12-09,20:55:29,interieur,22.2
2014-12-09,20:55:31,interieur,22.2
2014-12-09,20:55:33,interieur,22.2
2014-12-09,20:55:35,interieur,22.3
2014-12-09,20:55:37,interieur,22.3
2014-12-09,20:55:39,interieur,22.3
2014-12-09,20:55:41,interieur,22.3
2014-12-09,20:55:43,interieur,22.4
2014-12-09,20:55:45,interieur,22.4
2014-12-09,20:55:47,interieur,22.4
2014-12-09,20:55:49,interieur,22.4
2014-12-09,20:55:51,interieur,22.5
2014-12-09,20:55:53,interieur,22.5
2014-12-09,20:55:55,interieur,22.5
2014-12-09,20:55:57,interieur,22.5
2014-12-09,20:55:59,interieur,22.5
2014-12-09,20:56:01,interieur,22.5
2014-12-09,20:56:03,interieur,22.6
2014-12-09,20:56:05,interieur,22.6
2014-12-09,20:56:07,interieur,22.6
2014-12-09,20:56:09,interieur,22.6
2014-12-09,20:56:11,interieur,22.7
2014-12-09,20:56:13,interieur,22.7
2014-12-09,20:56:15,interieur,22.7
2014-12-09,20:56:17,interieur,22.7
2014-12-09,20:56:19,interieur,22.7
2014-12-09,20:56:21,interieur,22.7
2014-12-09,20:56:23,interieur,22.8
2014-12-09,20:56:25,interieur,22.8
2014-12-09,20:56:27,interieur,22.8
2014-12-09,20:56:29,interieur,22.8
2014-12-09,20:56:31,interieur,22.9
2014-12-09,20:56:33,interieur,22.9
2014-12-09,20:56:35,interieur,22.9
2014-12-09,20:56:37,interieur,22.9
2014-12-09,20:56:39,interieur,22.9
2014-12-09,20:56:41,interieur,22.9
2014-12-09,20:56:43,interieur,23
2014-12-09,20:56:45,interieur,23
2014-12-09,20:56:47,interieur,23
2014-12-09,20:56:50,interieur,23
2014-12-09,20:56:51,interieur,23
2014-12-09,20:56:53,interieur,23
2014-12-09,20:56:55,interieur,23.1
2014-12-09,20:56:57,interieur,23.1
2014-12-09,20:57:00,interieur,23.1
2014-12-09,20:57:02,interieur,23.1
2014-12-09,20:57:04,interieur,23.1
2014-12-09,20:57:06,interieur,23.1
2014-12-09,20:57:08,interieur,23.1
2014-12-09,20:57:10,interieur,23.2
2014-12-09,20:57:12,interieur,23.2
2014-12-09,20:57:14,interieur,23.2
2014-12-09,20:57:16,interieur,23.2
2014-12-09,20:57:18,interieur,23.2
2014-12-09,20:57:20,interieur,23.2
2014-12-09,20:57:22,interieur,23.2
2014-12-09,20:57:24,interieur,23.2
2014-12-09,20:57:26,interieur,23.2
2014-12-09,20:57:28,interieur,23.3
2014-12-09,20:57:30,interieur,23.3
2014-12-09,20:57:32,interieur,23.3
2014-12-09,20:57:34,interieur,23.3
2014-12-09,20:57:36,interieur,23.3
2014-12-09,20:57:38,interieur,23.3
2014-12-09,20:57:40,interieur,23.3
2014-12-09,20:57:42,interieur,23.3
2014-12-09,20:57:44,interieur,23.4
2014-12-09,20:57:46,interieur,23.4
2014-12-09,20:57:48,interieur,23.4
2014-12-09,20:57:50,interieur,23.4
2014-12-09,20:57:52,interieur,23.4
2014-12-09,20:57:54,interieur,23.4
2014-12-09,20:57:56,interieur,23.4
2014-12-09,20:57:58,interieur,23.4
2014-12-09,20:58:00,interieur,23.4
2014-12-09,20:58:02,interieur,23.5
2014-12-09,20:58:04,interieur,23.5
2014-12-09,20:58:06,interieur,23.5
2014-12-09,20:58:08,interieur,23.5
2014-12-09,20:58:10,interieur,23.5
2014-12-09,20:58:12,interieur,23.5
2014-12-09,20:58:14,interieur,23.5
2014-12-09,20:58:16,interieur,23.5
2014-12-09,20:58:18,interieur,23.5
2014-12-09,20:58:20,interieur,23.5
2014-12-09,20:58:22,interieur,23.5
2014-12-09,20:58:24,interieur,23.6
2014-12-09,20:58:26,interieur,23.6
2014-12-09,20:58:28,interieur,23.6
2014-12-09,20:58:31,interieur,23.6
2014-12-09,20:58:33,interieur,23.6
2014-12-09,20:58:35,interieur,23.6
2014-12-09,20:58:37,interieur,23.6
2014-12-09,20:58:39,interieur,23.6
2014-12-09,20:58:41,interieur,23.6
2014-12-09,20:58:43,interieur,23.6
2014-12-09,20:58:45,interieur,23.7
2014-12-09,20:58:47,interieur,23.6
2014-12-09,20:58:49,interieur,23.7
2014-12-09,20:58:51,interieur,23.7
2014-12-09,20:58:53,interieur,23.7
2014-12-09,20:58:55,interieur,23.7
2014-12-09,20:58:57,interieur,23.7
2014-12-09,20:58:59,interieur,23.7
2014-12-09,20:59:01,interieur,23.7
2014-12-09,20:59:03,interieur,23.7
2014-12-09,20:59:05,interieur,23.7
2014-12-09,20:59:07,interieur,23.7
2014-12-09,20:59:09,interieur,23.7
2014-12-09,20:59:11,interieur,23.7
2014-12-09,20:59:13,interieur,23.7
2014-12-09,20:59:15,interieur,23.7
2014-12-09,20:59:17,interieur,23.8
2014-12-09,20:59:19,interieur,23.7
2014-12-09,20:59:21,interieur,23.8
2014-12-09,20:59:23,interieur,23.8
2014-12-09,20:59:25,interieur,23.8
2014-12-09,20:59:27,interieur,23.8
2014-12-09,20:59:29,interieur,23.8
2014-12-09,20:59:31,interieur,23.8
2014-12-09,20:59:33,interieur,23.8
2014-12-09,20:59:35,interieur,23.8
2014-12-09,20:59:37,interieur,23.8
2014-12-09,20:59:39,interieur,23.8
2014-12-09,20:59:41,interieur,23.8
2014-12-09,20:59:43,interieur,23.8
2014-12-09,20:59:45,interieur,23.8
2014-12-09,20:59:47,interieur,23.9
2014-12-09,20:59:49,interieur,23.9
2014-12-09,20:59:51,interieur,23.9
2014-12-09,20:59:53,interieur,23.9
2014-12-09,20:59:55,interieur,23.9
2014-12-09,20:59:57,interieur,23.9
2014-12-09,20:59:59,interieur,23.9
2014-12-09,21:00:02,interieur,23.9
2014-12-09,21:00:04,interieur,23.9
2014-12-09,21:00:06,interieur,23.9
2014-12-09,21:00:08,interieur,23.9
2014-12-09,21:00:10,interieur,23.9
2014-12-09,21:00:12,interieur,23.9
2014-12-09,21:00:14,interieur,23.9
2014-12-09,21:00:16,interieur,23.9
2014-12-09,21:00:18,interieur,23.9
2014-12-09,21:00:20,interieur,23.9
2014-12-09,21:00:22,interieur,23.9
2014-12-09,21:00:24,interieur,23.9
2014-12-09,21:00:26,interieur,23.9
2014-12-09,21:00:28,interieur,23.9
2014-12-09,21:00:30,interieur,23.9
2014-12-09,21:00:32,interieur,23.9
2014-12-09,21:00:34,interieur,23.9
2014-12-09,21:00:36,interieur,23.9
2014-12-09,21:00:38,interieur,23.9
2014-12-09,21:00:40,interieur,24
2014-12-09,21:00:42,interieur,24
2014-12-09,21:00:44,interieur,24
2014-12-09,21:00:46,interieur,24
2014-12-09,21:00:48,interieur,24
2014-12-09,21:00:50,interieur,24
2014-12-09,21:00:52,interieur,24
2014-12-09,21:00:54,interieur,24
2014-12-09,21:00:56,interieur,24
2014-12-09,21:00:58,interieur,24
2014-12-09,21:01:00,interieur,24
2014-12-09,21:01:02,interieur,24
2014-12-09,21:01:04,interieur,24
2014-12-09,21:01:06,interieur,24
2014-12-09,21:01:08,interieur,24
2014-12-09,21:01:10,interieur,24
2014-12-09,21:01:12,interieur,24
2014-12-09,21:01:14,interieur,24
2014-12-09,21:01:16,interieur,24
2014-12-09,21:01:18,interieur,24
2014-12-09,21:01:20,interieur,24
2014-12-09,21:01:23,interieur,24
2014-12-09,21:01:24,interieur,24.1
2014-12-09,21:01:26,interieur,24.1
2014-12-09,21:01:28,interieur,24
2014-12-09,21:01:30,interieur,24.1
2014-12-09,21:01:33,interieur,24.1
2014-12-09,21:01:35,interieur,24.1
2014-12-09,21:01:37,interieur,24.1
2014-12-09,21:01:39,interieur,24.1
2014-12-09,21:01:41,interieur,24.1
2014-12-09,21:01:43,interieur,24.1
2014-12-09,21:01:45,interieur,24.1
2014-12-09,21:01:47,interieur,24.1
2014-12-09,21:01:49,interieur,24.1
2014-12-09,21:01:51,interieur,24.1
2014-12-09,21:01:53,interieur,24.1
2014-12-09,21:01:55,interieur,24.1
2014-12-09,21:01:57,interieur,24.1
2014-12-09,21:01:59,interieur,24.1
2014-12-09,21:02:01,interieur,24.1
2014-12-09,21:02:03,interieur,24.1
2014-12-09,21:02:05,interieur,24.1
2014-12-09,21:02:07,interieur,24.1
2014-12-09,21:02:09,interieur,24.1
2014-12-09,21:02:11,interieur,24.1
2014-12-09,21:02:14,interieur,24.1
2014-12-09,21:02:15,interieur,24.1
2014-12-09,21:02:17,interieur,24.1
2014-12-09,21:02:19,interieur,24.1
2014-12-09,21:02:21,interieur,24.1
2014-12-09,21:02:23,interieur,24.1
2014-12-09,21:02:25,interieur,24.1
2014-12-09,21:02:27,interieur,24.1
2014-12-09,21:02:29,interieur,24.1
2014-12-09,21:02:31,interieur,24.1
2014-12-09,21:02:33,interieur,24.1
2014-12-09,21:02:35,interieur,24.1
2014-12-09,21:02:37,interieur,24.1
2014-12-09,21:02:39,interieur,24.1
2014-12-09,21:02:41,interieur,24.2
2014-12-09,21:02:43,interieur,24.1
2014-12-09,21:02:45,interieur,24.1
2014-12-09,21:02:47,interieur,24.2
2014-12-09,21:02:49,interieur,24.2
2014-12-09,21:02:51,interieur,24.2
2014-12-09,21:02:54,interieur,24.2
2014-12-09,21:02:55,interieur,24.2
2014-12-09,21:02:57,interieur,24.2
2014-12-09,21:02:59,interieur,24.2
2014-12-09,21:03:01,interieur,24.2
2014-12-09,21:03:04,interieur,24.2
2014-12-09,21:03:06,interieur,24.2
2014-12-09,21:03:08,interieur,24.2
2014-12-09,21:03:10,interieur,24.2
2014-12-09,21:03:12,interieur,24.2
2014-12-09,21:03:14,interieur,24.2
2014-12-09,21:03:16,interieur,24.2
2014-12-09,21:03:18,interieur,24.2
2014-12-09,21:03:20,interieur,24.2
2014-12-09,21:03:22,interieur,24.2
2014-12-09,21:03:24,interieur,24.2
2014-12-09,21:03:26,interieur,24.2
2014-12-09,21:03:28,interieur,24.2
2014-12-09,21:03:30,interieur,24.2
2014-12-09,21:03:32,interieur,24.2
2014-12-09,21:03:34,interieur,24.2
2014-12-09,21:03:36,interieur,24.2
2014-12-09,21:03:38,interieur,24.2
2014-12-09,21:03:40,interieur,24.2
2014-12-09,21:03:42,interieur,24.2
2014-12-09,21:03:44,interieur,24.2
2014-12-09,21:03:46,interieur,24.2
2014-12-09,21:03:48,interieur,24.2
2014-12-09,21:03:50,interieur,24.2
2014-12-09,21:03:52,interieur,24.2
2014-12-09,21:03:54,interieur,24.2
2014-12-09,21:03:56,interieur,24.2
2014-12-09,21:03:58,interieur,24.2
2014-12-09,21:04:00,interieur,24.2
2014-12-09,21:04:02,interieur,24.2
2014-12-09,21:04:04,interieur,24.2
2014-12-09,21:04:06,interieur,24.2
2014-12-09,21:04:08,interieur,24.2
2014-12-09,21:04:10,interieur,24.2
2014-12-09,21:04:12,interieur,24.2
2014-12-09,21:04:14,interieur,24.2
2014-12-09,21:04:16,interieur,24.2
2014-12-09,21:04:18,interieur,24.2
2014-12-09,21:04:20,interieur,24.2
2014-12-09,21:04:22,interieur,24.2
2014-12-09,21:04:24,interieur,24.2
2014-12-09,21:04:26,interieur,24.3
2014-12-09,21:04:28,interieur,24.3
2014-12-09,21:04:30,interieur,24.3
2014-12-09,21:04:32,interieur,24.3
2014-12-09,21:04:35,interieur,24.3
2014-12-09,21:04:37,interieur,24.3
2014-12-09,21:04:39,interieur,24.3
2014-12-09,21:04:41,interieur,24.3
2014-12-09,21:04:43,interieur,24.3
2014-12-09,21:04:45,interieur,24.3
2014-12-09,21:04:47,interieur,24.3
2014-12-09,21:04:49,interieur,24.3
2014-12-09,21:04:51,interieur,24.3
2014-12-09,21:04:53,interieur,24.3
2014-12-09,21:04:55,interieur,24.3
2014-12-09,21:04:57,interieur,24.3
2014-12-09,21:04:59,interieur,24.3
2014-12-09,21:05:01,interieur,24.3
2014-12-09,21:05:03,interieur,24.3
2014-12-09,21:05:05,interieur,24.3
2014-12-09,21:05:07,interieur,24.3
2014-12-09,21:05:09,interieur,24.3
2014-12-09,21:05:11,interieur,24.3
2014-12-09,21:05:13,interieur,24.3
2014-12-09,21:05:15,interieur,24.3
2014-12-09,21:05:17,interieur,24.3
2014-12-09,21:05:19,interieur,24.3
2014-12-09,21:05:21,interieur,24.3
2014-12-09,21:05:23,interieur,24.3
2014-12-09,21:05:25,interieur,24.3
2014-12-09,21:05:27,interieur,24.3
2014-12-09,21:05:29,interieur,24.3
2014-12-09,21:05:31,interieur,24.3
2014-12-09,21:05:33,interieur,24.3
2014-12-09,21:05:35,interieur,24.3
2014-12-09,21:05:37,interieur,24.3
2014-12-09,21:05:39,interieur,24.3
2014-12-09,21:05:41,interieur,24.3
2014-12-09,21:05:43,interieur,24.3
2014-12-09,21:05:46,interieur,24.3
2014-12-09,21:05:48,interieur,24.3
2014-12-09,21:05:50,interieur,24.3
2014-12-09,21:05:52,interieur,24.3
2014-12-09,21:05:54,interieur,24.3
2014-12-09,21:05:56,interieur,24.3
2014-12-09,21:05:58,interieur,24.3
2014-12-09,21:06:00,interieur,24.3
2014-12-09,21:06:02,interieur,24.3
2014-12-09,21:06:04,interieur,24.3
2014-12-09,21:06:06,interieur,24.3
2014-12-09,21:06:08,interieur,24.3
2014-12-09,21:06:10,interieur,24.3
2014-12-09,21:06:12,interieur,24.3
2014-12-09,21:06:14,interieur,24.3
2014-12-09,21:06:16,interieur,24.3
2014-12-09,21:06:18,interieur,24.3
2014-12-09,21:06:20,interieur,24.3
2014-12-09,21:06:22,interieur,24.3
2014-12-09,21:06:24,interieur,24.3
2014-12-09,21:06:26,interieur,24.3
2014-12-09,21:06:28,interieur,24.3
2014-12-09,21:06:30,interieur,24.3
2014-12-09,21:06:32,interieur,24.3
2014-12-09,21:06:34,interieur,24.3
2014-12-09,21:06:36,interieur,24.3
2014-12-09,21:06:38,interieur,24.3
2014-12-09,21:06:40,interieur,24.3
2014-12-09,21:06:42,interieur,24.3
2014-12-09,21:06:44,interieur,24.3
2014-12-09,21:06:46,interieur,24.3
2014-12-09,21:06:48,interieur,24.3
2014-12-09,21:06:50,interieur,24.3
2014-12-09,21:06:52,interieur,24.3
2014-12-09,21:06:54,interieur,24.3
2014-12-09,21:06:56,interieur,24.4
2014-12-09,21:06:58,interieur,24.3
2014-12-09,21:07:00,interieur,24.4
2014-12-09,21:07:02,interieur,24.3
2014-12-09,21:07:04,interieur,24.4
2014-12-09,21:07:06,interieur,24.4
2014-12-09,21:07:08,interieur,24.3
2014-12-09,21:07:10,interieur,24.4
2014-12-09,21:07:12,interieur,24.4
2014-12-09,21:07:14,interieur,24.4
2014-12-09,21:07:16,interieur,24.4
2014-12-09,21:07:18,interieur,24.4
2014-12-09,21:07:20,interieur,24.4
2014-12-09,21:07:22,interieur,24.4
2014-12-09,21:07:24,interieur,24.4
2014-12-09,21:07:27,interieur,24.4
2014-12-09,21:07:29,interieur,24.3
2014-12-09,21:07:31,interieur,24.4
2014-12-09,21:07:33,interieur,24.4
2014-12-09,21:07:35,interieur,24.4
2014-12-09,21:07:37,interieur,24.4
2014-12-09,21:07:39,interieur,24.4
2014-12-09,21:07:41,interieur,24.4
2014-12-09,21:07:43,interieur,24.4
2014-12-09,21:07:45,interieur,24.4
2014-12-09,21:07:47,interieur,24.4
2014-12-09,21:07:49,interieur,24.4
2014-12-09,21:07:51,interieur,24.4
2014-12-09,21:07:53,interieur,24.4
2014-12-09,21:07:55,interieur,24.4
2014-12-09,21:07:57,interieur,24.4
2014-12-09,21:07:59,interieur,24.4
2014-12-09,21:08:01,interieur,24.4
2014-12-09,21:08:03,interieur,24.4
2014-12-09,21:08:05,interieur,24.4
2014-12-09,21:08:07,interieur,24.4
2014-12-09,21:08:10,interieur,24.4
2014-12-09,21:08:12,interieur,24.4
2014-12-09,21:08:14,interieur,24.4
2014-12-09,21:08:16,interieur,24.4
2014-12-09,21:08:18,interieur,24.4
2014-12-09,21:08:20,interieur,24.4
2014-12-09,21:08:22,interieur,24.4
2014-12-09,21:08:24,interieur,24.4
2014-12-09,21:08:26,interieur,24.4
2014-12-09,21:08:28,interieur,24.4
2014-12-09,21:08:30,interieur,24.4
2014-12-09,21:08:32,interieur,24.4
2014-12-09,21:08:34,interieur,24.4
2014-12-09,21:08:36,interieur,24.4
2014-12-09,21:08:38,interieur,24.4
2014-12-09,21:08:40,interieur,24.4
2014-12-09,21:08:42,interieur,24.4
2014-12-09,21:08:44,interieur,24.4
2014-12-09,21:08:46,interieur,24.4
2014-12-09,21:08:48,interieur,24.4
2014-12-09,21:08:50,interieur,24.4
2014-12-09,21:08:52,interieur,24.4
2014-12-09,21:08:54,interieur,24.4
2014-12-09,21:08:56,interieur,24.4
2014-12-09,21:08:58,interieur,24.4
2014-12-09,21:09:00,interieur,24.4
2014-12-09,21:09:02,interieur,24.4
2014-12-09,21:09:04,interieur,24.4
2014-12-09,21:09:06,interieur,24.4
2014-12-09,21:09:08,interieur,24.4
2014-12-09,21:09:10,interieur,24.4
2014-12-09,21:09:12,interieur,24.4
2014-12-09,21:09:14,interieur,24.4
2014-12-09,21:09:16,interieur,24.4
2014-12-09,21:09:18,interieur,24.4
2014-12-09,21:09:20,interieur,24.4
2014-12-09,21:09:22,interieur,24.4
2014-12-09,21:09:24,interieur,24.4
2014-12-09,21:09:26,interieur,24.4
2014-12-09,21:09:28,interieur,24.4
2014-12-09,21:09:30,interieur,24.4
2014-12-09,21:09:32,interieur,24.4
2014-12-09,21:09:34,interieur,24.4
2014-12-09,21:09:36,interieur,24.4
2014-12-09,21:09:38,interieur,24.4
2014-12-09,21:09:40,interieur,24.4
2014-12-09,21:09:42,interieur,24.4
2014-12-09,21:09:44,interieur,24.4
2014-12-09,21:09:46,interieur,24.4
2014-12-09,21:09:49,interieur,24.4
2014-12-09,21:09:51,interieur,24.4
2014-12-09,21:09:53,interieur,24.4
2014-12-09,21:09:55,interieur,24.4
2014-12-09,21:09:57,interieur,24.4
2014-12-09,21:09:59,interieur,24.4
2014-12-09,21:10:01,interieur,24.4
2014-12-09,21:10:03,interieur,24.4
2014-12-09,21:10:05,interieur,24.4
2014-12-09,21:10:07,interieur,24.4
2014-12-09,21:10:09,interieur,24.4
2014-12-09,21:10:11,interieur,24.4
2014-12-09,21:10:13,interieur,24.4
2014-12-09,21:10:15,interieur,24.4
2014-12-09,21:10:17,interieur,24.4
2014-12-09,21:10:19,interieur,24.4
2014-12-09,21:10:21,interieur,24.4
2014-12-09,21:10:23,interieur,24.4
2014-12-09,21:10:25,interieur,24.4
2014-12-09,21:10:27,interieur,24.4
2014-12-09,21:10:29,interieur,24.4
2014-12-09,21:10:31,interieur,24.4
2014-12-09,21:10:33,interieur,24.4
2014-12-09,21:10:35,interieur,24.4
2014-12-09,21:10:37,interieur,24.4
2014-12-09,21:10:39,interieur,24.4
2014-12-09,21:10:41,interieur,24.4
2014-12-09,21:10:43,interieur,24.4
2014-12-09,21:10:45,interieur,24.4
2014-12-09,21:10:47,interieur,24.4
2014-12-09,21:10:49,interieur,24.4
2014-12-09,21:10:51,interieur,24.4
2014-12-09,21:10:53,interieur,24.4
2014-12-09,21:10:55,interieur,24.4
2014-12-09,21:10:57,interieur,24.4
2014-12-09,21:10:59,interieur,24.4
2014-12-09,21:11:01,interieur,24.4
2014-12-09,21:11:03,interieur,24.4
2014-12-09,21:11:05,interieur,24.4
2014-12-09,21:11:07,interieur,24.4
2014-12-09,21:11:09,interieur,24.4
2014-12-09,21:11:11,interieur,24.5
2014-12-09,21:11:13,interieur,24.4
2014-12-09,21:11:15,interieur,24.4
2014-12-09,21:11:17,interieur,24.4
2014-12-09,21:11:19,interieur,24.4
2014-12-09,21:11:21,interieur,24.5
2014-12-09,21:11:23,interieur,24.5
2014-12-09,21:11:25,interieur,24.5
2014-12-09,21:11:27,interieur,24.5
2014-12-09,21:11:29,interieur,24.4
2014-12-09,21:11:31,interieur,24.5
2014-12-09,21:11:33,interieur,24.5
2014-12-09,21:11:35,interieur,24.5
2014-12-09,21:11:37,interieur,24.5
2014-12-09,21:11:40,interieur,24.5
2014-12-09,21:11:41,interieur,24.5
2014-12-09,21:11:43,interieur,24.5
2014-12-09,21:11:45,interieur,24.5
2014-12-09,21:11:47,interieur,24.5
2014-12-09,21:11:49,interieur,24.5
2014-12-09,21:11:51,interieur,24.5
2014-12-09,21:11:53,interieur,24.5
2014-12-09,21:11:55,interieur,24.5
2014-12-09,21:11:57,interieur,24.5
2014-12-09,21:12:00,interieur,24.5
2014-12-09,21:12:02,interieur,24.5
2014-12-09,21:12:04,interieur,24.5
2014-12-09,21:12:06,interieur,24.5
2014-12-09,21:12:08,interieur,24.5
2014-12-09,21:12:10,interieur,24.5
2014-12-09,21:12:12,interieur,24.5
2014-12-09,21:12:14,interieur,24.5
2014-12-09,21:12:16,interieur,24.5
2014-12-09,21:12:18,interieur,24.5
2014-12-09,21:12:20,interieur,24.5
2014-12-09,21:12:22,interieur,24.5
2014-12-09,21:12:24,interieur,24.5
2014-12-09,21:12:26,interieur,24.5
2014-12-09,21:12:28,interieur,24.5
2014-12-09,21:12:30,interieur,24.5
2014-12-09,21:12:32,interieur,24.5
2014-12-09,21:12:34,interieur,24.5
2014-12-09,21:12:36,interieur,24.5
2014-12-09,21:12:38,interieur,24.5
2014-12-09,21:12:40,interieur,24.5
2014-12-09,21:12:42,interieur,24.5
2014-12-09,21:12:44,interieur,24.5
2014-12-09,21:12:46,interieur,24.5
2014-12-09,21:12:48,interieur,24.5
2014-12-09,21:12:50,interieur,24.5
2014-12-09,21:12:52,interieur,24.5
2014-12-09,21:12:54,interieur,24.5
2014-12-09,21:12:56,interieur,24.5
2014-12-09,21:12:58,interieur,24.5
2014-12-09,21:13:00,interieur,24.5
2014-12-09,21:13:02,interieur,24.5
2014-12-09,21:13:04,interieur,24.5
2014-12-09,21:13:06,interieur,24.5
2014-12-09,21:13:08,interieur,24.5
2014-12-09,21:13:10,interieur,24.5
2014-12-09,21:13:12,interieur,24.5
2014-12-09,21:13:14,interieur,24.5
2014-12-09,21:13:16,interieur,24.5
2014-12-09,21:13:18,interieur,24.5
2014-12-09,21:13:21,interieur,24.5
2014-12-09,21:13:22,interieur,24.5
2014-12-09,21:13:24,interieur,24.5
2014-12-09,21:13:26,interieur,24.5
2014-12-09,21:13:28,interieur,24.5
2014-12-09,21:13:30,interieur,24.5
2014-12-09,21:13:32,interieur,24.5
2014-12-09,21:13:34,interieur,24.5
2014-12-09,21:13:36,interieur,24.5
2014-12-09,21:13:38,interieur,24.5
2014-12-09,21:13:41,interieur,24.5
2014-12-09,21:13:42,interieur,24.5
2014-12-09,21:13:44,interieur,24.5
2014-12-09,21:13:46,interieur,24.5
2014-12-09,21:13:49,interieur,24.5
2014-12-09,21:13:51,interieur,24.5
2014-12-09,21:13:53,interieur,24.5
2014-12-09,21:13:55,interieur,24.5
2014-12-09,21:13:57,interieur,24.5
2014-12-09,21:13:59,interieur,24.5
2014-12-09,21:14:01,interieur,24.5
2014-12-09,21:14:03,interieur,24.5
2014-12-09,21:14:05,interieur,24.5
2014-12-09,21:14:07,interieur,24.5
2014-12-09,21:14:09,interieur,24.5
2014-12-09,21:14:11,interieur,24.5
2014-12-09,21:14:13,interieur,24.5
2014-12-09,21:14:15,interieur,24.5
2014-12-09,21:14:17,interieur,24.5
2014-12-09,21:14:19,interieur,24.5
2014-12-09,21:14:21,interieur,24.5
2014-12-09,21:14:23,interieur,24.5
2014-12-09,21:14:25,interieur,24.5
2014-12-09,21:14:27,interieur,24.5
2014-12-09,21:14:29,interieur,24.5
2014-12-09,21:14:31,interieur,24.5
2014-12-09,21:14:33,interieur,24.5
2014-12-09,21:14:35,interieur,24.5
2014-12-09,21:14:37,interieur,24.5
2014-12-09,21:14:39,interieur,24.5
2014-12-09,21:14:41,interieur,24.5
2014-12-09,21:14:43,interieur,24.5
2014-12-09,21:14:45,interieur,24.5
2014-12-09,21:14:47,interieur,24.5
2014-12-09,21:14:49,interieur,24.5
2014-12-09,21:14:51,interieur,24.5
2014-12-09,21:14:53,interieur,24.5
2014-12-09,21:14:55,interieur,24.5
2014-12-09,21:14:57,interieur,24.5
2014-12-09,21:14:59,interieur,24.5
2014-12-09,21:15:01,interieur,24.5
2014-12-09,21:15:03,interieur,24.5
2014-12-09,21:15:05,interieur,24.5
2014-12-09,21:15:07,interieur,24.5
2014-12-09,21:15:09,interieur,24.5
2014-12-09,21:15:11,interieur,24.5
2014-12-09,21:15:13,interieur,24.5
2014-12-09,21:15:15,interieur,24.5
2014-12-09,21:15:17,interieur,24.5
2014-12-09,21:15:19,interieur,24.5
2014-12-09,21:15:21,interieur,24.5
2014-12-09,21:15:23,interieur,24.5
2014-12-09,21:15:25,interieur,24.5
2014-12-09,21:15:28,interieur,24.5
2014-12-09,21:15:30,interieur,24.5
2014-12-09,21:15:32,interieur,24.5
2014-12-09,21:15:34,interieur,24.5
2014-12-09,21:15:36,interieur,24.5
2014-12-09,21:15:38,interieur,24.5
2014-12-09,21:15:40,interieur,24.5
2014-12-09,21:15:42,interieur,24.5
2014-12-09,21:16:16,interieur,24.5
2014-12-09,21:16:18,interieur,24.5
2014-12-09,21:16:20,interieur,24.5
2014-12-09,21:16:22,interieur,24.5
2014-12-09,21:16:24,interieur,24.5
2014-12-09,21:16:26,interieur,24.5
2014-12-09,21:16:28,interieur,24.5
2014-12-09,21:16:30,interieur,24.5
2014-12-09,21:16:32,interieur,24.5
2014-12-09,21:16:34,interieur,24.5
2014-12-09,21:16:36,interieur,24.5
2014-12-09,21:16:38,interieur,24.5
2014-12-09,21:16:40,interieur,24.5
2014-12-09,21:16:42,interieur,24.5
2014-12-09,21:16:44,interieur,24.5
2014-12-09,21:16:46,interieur,24.5
2014-12-09,21:16:48,interieur,24.5
2014-12-09,21:16:50,interieur,24.5
2014-12-09,21:16:52,interieur,24.5
2014-12-09,21:16:54,interieur,24.6
2014-12-09,21:16:56,interieur,24.5
2014-12-09,21:16:58,interieur,24.5
2014-12-09,21:17:00,interieur,24.5
2014-12-09,21:17:02,interieur,24.5
2014-12-09,21:17:04,interieur,24.5
2014-12-09,21:17:06,interieur,24.5
2014-12-09,21:17:08,interieur,24.5
2014-12-09,21:17:10,interieur,24.5
2014-12-09,21:17:12,interieur,24.5
2014-12-09,21:17:14,interieur,24.5
2014-12-09,21:17:16,interieur,24.5
2014-12-09,21:17:18,interieur,24.5
2014-12-09,21:17:20,interieur,24.5
2014-12-09,21:17:22,interieur,24.5
2014-12-09,21:17:24,interieur,24.5
2014-12-09,21:17:27,interieur,24.5
2014-12-09,21:17:35,interieur,24.5
2014-12-09,21:17:37,interieur,24.5
2014-12-09,21:17:39,interieur,24.5
2014-12-09,21:17:41,interieur,24.5
2014-12-09,21:17:43,interieur,24.5
2014-12-09,21:17:45,interieur,24.5
2014-12-09,21:17:47,interieur,24.5
2014-12-09,21:17:49,interieur,24.5
2014-12-09,21:17:51,interieur,24.5
2014-12-09,21:17:53,interieur,24.5
2014-12-09,21:17:55,interieur,24.5
2014-12-09,21:17:57,interieur,24.6
2014-12-09,21:17:59,interieur,24.5
2014-12-09,21:18:01,interieur,24.5
2014-12-09,21:18:03,interieur,24.6
2014-12-09,21:18:05,interieur,24.6
2014-12-09,21:18:07,interieur,24.5
2014-12-09,21:18:09,interieur,24.6
2014-12-09,21:18:11,interieur,24.6
2014-12-09,21:18:13,interieur,24.5
2014-12-09,21:18:15,interieur,24.6
2014-12-09,21:18:17,interieur,24.6
2014-12-09,21:18:19,interieur,24.5
2014-12-09,21:18:21,interieur,24.5
2014-12-09,21:18:23,interieur,24.6
2014-12-09,21:18:25,interieur,24.6
2014-12-09,21:18:27,interieur,24.5
2014-12-09,21:18:29,interieur,24.5
2014-12-09,21:18:31,interieur,24.6
2014-12-09,21:18:33,interieur,24.5
2014-12-09,21:18:35,interieur,24.6
2014-12-09,21:18:37,interieur,24.5
2014-12-09,21:18:39,interieur,24.5
2014-12-09,21:18:41,interieur,24.5
2014-12-09,21:18:43,interieur,24.6
2014-12-09,21:18:45,interieur,24.6
2014-12-09,21:18:47,interieur,24.6
2014-12-09,21:18:49,interieur,24.6
2014-12-09,21:18:51,interieur,24.6
2014-12-09,21:18:53,interieur,24.6
2014-12-09,21:18:55,interieur,24.6
2014-12-09,21:18:57,interieur,24.6
2014-12-09,21:18:59,interieur,24.6
2014-12-09,21:19:01,interieur,24.6
2014-12-09,21:19:03,interieur,24.6
2014-12-09,21:19:05,interieur,24.6
2014-12-09,21:19:14,interieur,24.6
2014-12-09,21:19:16,interieur,24.6
2014-12-09,21:19:18,interieur,24.6
2014-12-09,21:19:20,interieur,24.6
2014-12-09,21:19:22,interieur,24.6
2014-12-09,21:19:25,interieur,24.6
2014-12-09,21:19:26,interieur,24.6
2014-12-09,21:19:28,interieur,24.6
2014-12-09,21:19:30,interieur,24.6
2014-12-09,21:19:32,interieur,24.6
2014-12-09,21:19:35,interieur,24.6
2014-12-09,21:19:37,interieur,24.6
2014-12-09,21:19:39,interieur,24.6
2014-12-09,21:19:41,interieur,24.6
2014-12-09,21:19:43,interieur,24.6
2014-12-09,21:19:45,interieur,24.6
2014-12-09,21:19:47,interieur,24.6
2014-12-09,21:19:49,interieur,24.6
2014-12-09,21:19:51,interieur,24.6
2014-12-09,21:19:53,interieur,24.6
2014-12-09,21:19:55,interieur,24.6
2014-12-09,21:19:57,interieur,24.6
2014-12-09,21:19:59,interieur,24.6
2014-12-09,21:20:01,interieur,24.6
2014-12-09,21:20:03,interieur,24.6
2014-12-09,21:20:05,interieur,24.6
2014-12-09,21:20:07,interieur,24.6
2014-12-09,21:20:09,interieur,24.6
2014-12-09,21:20:11,interieur,24.6
2014-12-09,21:20:13,interieur,24.6
2014-12-09,21:20:15,interieur,24.6
2014-12-09,21:20:17,interieur,24.6
2014-12-09,21:20:19,interieur,24.6
2014-12-09,21:20:21,interieur,24.6
2014-12-09,21:20:23,interieur,24.6
2014-12-09,21:20:25,interieur,24.6
2014-12-09,21:20:27,interieur,24.6
2014-12-09,21:20:29,interieur,24.6
2014-12-09,21:20:31,interieur,24.6
2014-12-09,21:20:33,interieur,24.6
2014-12-09,21:20:35,interieur,24.6
2014-12-09,21:20:37,interieur,24.6
2014-12-09,21:20:39,interieur,24.6
2014-12-09,21:20:41,interieur,24.6
2014-12-09,21:20:43,interieur,24.6
2014-12-09,21:20:45,interieur,24.6
2014-12-09,21:20:47,interieur,24.6
2014-12-09,21:20:49,interieur,24.6
2014-12-09,21:20:51,interieur,24.6
2014-12-09,21:20:53,interieur,24.6
2014-12-09,21:20:55,interieur,24.6
2014-12-09,21:20:58,interieur,24.6
2014-12-09,21:21:00,interieur,24.6
2014-12-09,21:21:02,interieur,24.6
2014-12-09,21:21:04,interieur,24.6
2014-12-09,21:21:06,interieur,24.6
2014-12-09,21:21:08,interieur,24.6
2014-12-09,21:21:10,interieur,24.6
2014-12-09,21:21:12,interieur,24.6
2014-12-09,21:21:14,interieur,24.6
2014-12-09,21:21:16,interieur,24.6
2014-12-09,21:21:18,interieur,24.6
2014-12-09,21:21:20,interieur,24.6
2014-12-09,21:21:22,interieur,24.6
2014-12-09,21:21:24,interieur,24.6
2014-12-09,21:21:26,interieur,24.6
2014-12-09,21:21:28,interieur,24.6
2014-12-09,21:21:30,interieur,24.6
2014-12-09,21:21:32,interieur,24.6
2014-12-09,21:21:34,interieur,24.6
2014-12-09,21:21:36,interieur,24.6
2014-12-09,21:21:38,interieur,24.6
2014-12-09,21:21:40,interieur,24.6
2014-12-09,21:21:42,interieur,24.6
2014-12-09,21:21:44,interieur,24.6
2014-12-09,21:21:46,interieur,24.6
2014-12-09,21:21:48,interieur,24.6
2014-12-09,21:21:50,interieur,24.6
2014-12-09,21:21:52,interieur,24.6
2014-12-09,21:21:54,interieur,24.6
2014-12-09,21:21:56,interieur,24.6
2014-12-09,21:21:58,interieur,24.6
2014-12-09,21:22:00,interieur,24.6
2014-12-09,21:22:02,interieur,24.6
2014-12-09,21:22:04,interieur,24.6
2014-12-09,21:22:07,interieur,24.6
2014-12-09,21:22:14,interieur,24.6
2014-12-09,21:22:16,interieur,24.6
2014-12-09,21:22:18,interieur,24.6
2014-12-09,21:22:20,interieur,24.6
2014-12-09,21:22:22,interieur,24.6
2014-12-09,21:22:24,interieur,24.6
2014-12-09,21:22:26,interieur,24.6
2014-12-09,21:22:28,interieur,24.6
2014-12-09,21:22:30,interieur,24.6
2014-12-09,21:22:32,interieur,24.6
2014-12-09,21:22:35,interieur,24.6
2014-12-09,21:22:37,interieur,24.6
2014-12-09,21:22:39,interieur,24.6
2014-12-09,21:22:41,interieur,24.5
2014-12-09,21:22:43,interieur,24.6
2014-12-09,21:22:45,interieur,24.6
2014-12-09,21:22:47,interieur,24.6
2014-12-09,21:22:49,interieur,24.6
2014-12-09,21:22:51,interieur,24.6
2014-12-09,21:22:53,interieur,24.6
2014-12-09,21:22:55,interieur,24.6
2014-12-09,21:22:57,interieur,24.6
2014-12-09,21:22:59,interieur,24.6
2014-12-09,21:23:01,interieur,24.6
2014-12-09,21:23:03,interieur,24.6
2014-12-09,21:23:05,interieur,24.6
2014-12-09,21:23:07,interieur,24.6
2014-12-09,21:23:09,interieur,24.6
2014-12-09,21:23:11,interieur,24.6
2014-12-09,21:23:13,interieur,24.6
2014-12-09,21:23:15,interieur,24.6
2014-12-09,21:23:17,interieur,24.6
2014-12-09,21:23:19,interieur,24.6
2014-12-09,21:23:21,interieur,24.6
2014-12-09,21:23:23,interieur,24.6
2014-12-09,21:23:25,interieur,24.6
2014-12-09,21:23:32,interieur,24.6
2014-12-09,21:23:34,interieur,24.6
2014-12-09,21:23:36,interieur,24.6
2014-12-09,21:23:38,interieur,24.6
2014-12-09,21:23:40,interieur,24.6
2014-12-09,21:23:42,interieur,24.6
2014-12-09,21:23:44,interieur,24.6
2014-12-09,21:23:46,interieur,24.6
2014-12-09,21:23:48,interieur,24.6
2014-12-09,21:23:50,interieur,24.6
2014-12-09,21:23:52,interieur,24.6
2014-12-09,21:23:54,interieur,24.6
2014-12-09,21:23:56,interieur,24.6
2014-12-09,21:23:58,interieur,24.6
2014-12-09,21:24:00,interieur,24.6
2014-12-09,21:24:02,interieur,24.6
2014-12-09,21:24:04,interieur,24.6
2014-12-09,21:24:06,interieur,24.6
2014-12-09,21:24:08,interieur,24.6
2014-12-09,21:24:11,interieur,24.6
2014-12-09,21:24:13,interieur,24.6
2014-12-09,21:24:15,interieur,24.6
2014-12-09,21:24:17,interieur,24.6
2014-12-09,21:24:19,interieur,24.6
2014-12-09,21:24:21,interieur,24.6
2014-12-09,21:24:23,interieur,24.6
2014-12-09,21:24:25,interieur,24.6
2014-12-09,21:24:27,interieur,24.6
2014-12-09,21:24:29,interieur,24.6
2014-12-09,21:24:31,interieur,24.6
2014-12-09,21:24:33,interieur,24.6
2014-12-09,21:24:35,interieur,24.6
2014-12-09,21:24:37,interieur,24.6
2014-12-09,21:24:39,interieur,24.6
2014-12-09,21:24:41,interieur,24.6
2014-12-09,21:24:43,interieur,24.6
2014-12-09,21:24:45,interieur,24.6
2014-12-09,21:24:47,interieur,24.6
2014-12-09,21:24:49,interieur,24.6
2014-12-09,21:24:51,interieur,24.6
2014-12-09,21:24:53,interieur,24.6
2014-12-09,21:24:55,interieur,24.6
2014-12-09,21:24:57,interieur,24.6
2014-12-09,21:24:59,interieur,24.6
2014-12-09,21:25:01,interieur,24.6
2014-12-09,21:25:03,interieur,24.6
2014-12-09,21:25:05,interieur,24.6
2014-12-09,21:25:07,interieur,24.6
2014-12-09,21:25:09,interieur,24.6
2014-12-09,21:25:11,interieur,24.6
2014-12-09,21:25:13,interieur,24.6
2014-12-09,21:25:15,interieur,24.6
2014-12-09,21:25:17,interieur,24.6
2014-12-09,21:25:19,interieur,24.6
2014-12-09,21:25:21,interieur,24.6
2014-12-09,21:25:31,interieur,24.6
2014-12-09,21:25:33,interieur,24.6
2014-12-09,21:25:35,interieur,24.6
2014-12-09,21:25:37,interieur,24.6
2014-12-09,21:25:39,interieur,24.6
2014-12-09,21:25:41,interieur,24.6
2014-12-09,21:25:43,interieur,24.6
2014-12-09,21:25:45,interieur,24.6
2014-12-09,21:25:47,interieur,24.6
2014-12-09,21:25:49,interieur,24.6
2014-12-09,21:25:51,interieur,24.6
2014-12-09,21:25:53,interieur,24.6
2014-12-09,21:25:55,interieur,24.6
2014-12-09,21:25:57,interieur,24.6
2014-12-09,21:25:59,interieur,24.6
2014-12-09,21:26:02,interieur,24.6
2014-12-09,21:26:04,interieur,24.6
2014-12-09,21:26:06,interieur,24.6
2014-12-09,21:26:08,interieur,24.6
2014-12-09,21:26:10,interieur,24.6
2014-12-09,21:26:12,interieur,24.6
2014-12-09,21:26:14,interieur,24.6
2014-12-09,21:26:16,interieur,24.6
2014-12-09,21:26:18,interieur,24.6
2014-12-09,21:26:20,interieur,24.6
2014-12-09,21:26:22,interieur,24.6
2014-12-09,21:26:24,interieur,24.6
2014-12-09,21:26:26,interieur,24.6
2014-12-09,21:26:28,interieur,24.6
2014-12-09,21:26:30,interieur,24.6
2014-12-09,21:26:32,interieur,24.6
2014-12-09,21:26:34,interieur,24.6
2014-12-09,21:26:36,interieur,24.6
2014-12-09,21:26:38,interieur,24.6
2014-12-09,21:26:40,interieur,24.6
2014-12-09,21:26:42,interieur,24.6
2014-12-09,21:26:44,interieur,24.6
2014-12-09,21:26:46,interieur,24.6
2014-12-09,21:26:48,interieur,24.6
2014-12-09,21:26:50,interieur,24.6
2014-12-09,21:26:52,interieur,24.6
2014-12-09,21:26:54,interieur,24.6
2014-12-09,21:26:56,interieur,24.6
2014-12-09,21:26:58,interieur,24.6
2014-12-09,21:27:00,interieur,24.6
2014-12-09,21:27:02,interieur,24.6
2014-12-09,21:27:04,interieur,24.6
2014-12-09,21:27:06,interieur,24.6
2014-12-09,21:27:08,interieur,24.6
2014-12-09,21:27:10,interieur,24.6
2014-12-09,21:27:12,interieur,24.6
2014-12-09,21:27:14,interieur,24.6
2014-12-09,21:27:16,interieur,24.6
2014-12-09,21:27:18,interieur,24.6
2014-12-09,21:27:20,interieur,24.6
2014-12-09,21:27:23,interieur,24.6
2014-12-09,21:27:24,interieur,24.6
2014-12-09,21:27:26,interieur,24.6
2014-12-09,21:27:28,interieur,24.6
2014-12-09,21:27:30,interieur,24.6
2014-12-09,21:27:33,interieur,24.6
2014-12-09,21:27:35,interieur,24.6
2014-12-09,21:27:37,interieur,24.6
2014-12-09,21:27:39,interieur,24.6
2014-12-09,21:27:41,interieur,24.6
2014-12-09,21:27:43,interieur,24.6
2014-12-09,21:27:45,interieur,24.6
2014-12-09,21:27:47,interieur,24.6
2014-12-09,21:27:49,interieur,24.6
2014-12-09,21:27:51,interieur,24.6
2014-12-09,21:27:53,interieur,24.6
2014-12-09,21:27:55,interieur,24.6
2014-12-09,21:27:57,interieur,24.6
2014-12-09,21:27:59,interieur,24.6
2014-12-09,21:28:01,interieur,24.6
2014-12-09,21:28:03,interieur,24.6
2014-12-09,21:28:05,interieur,24.6
2014-12-09,21:28:07,interieur,24.6
2014-12-09,21:28:09,interieur,24.6
2014-12-09,21:28:11,interieur,24.6
2014-12-09,21:28:13,interieur,24.6
2014-12-09,21:28:15,interieur,24.6
2014-12-09,21:28:17,interieur,24.6
2014-12-09,21:28:19,interieur,24.6
2014-12-09,21:28:21,interieur,24.6
2014-12-09,21:28:23,interieur,24.6
2014-12-09,21:28:25,interieur,24.6
2014-12-09,21:28:27,interieur,24.6
2014-12-09,21:28:29,interieur,24.6
2014-12-09,21:28:31,interieur,24.6
2014-12-09,21:28:33,interieur,24.6
2014-12-09,21:28:35,interieur,24.6
2014-12-09,21:28:37,interieur,24.6
2014-12-09,21:28:39,interieur,24.6
2014-12-09,21:28:41,interieur,24.6
2014-12-09,21:28:43,interieur,24.6
2014-12-09,21:28:45,interieur,24.6
2014-12-09,21:28:47,interieur,24.6
2014-12-09,21:28:49,interieur,24.6
2014-12-09,21:28:51,interieur,24.6
2014-12-09,21:28:54,interieur,24.6
2014-12-09,21:28:56,interieur,24.6
2014-12-09,21:28:58,interieur,24.6
2014-12-09,21:29:00,interieur,24.6
2014-12-09,21:29:02,interieur,24.6
2014-12-09,21:29:04,interieur,24.6
2014-12-09,21:29:06,interieur,24.6
2014-12-09,21:29:08,interieur,24.6
2014-12-09,21:29:10,interieur,24.6
2014-12-09,21:29:12,interieur,24.6
2014-12-09,21:29:14,interieur,24.6
2014-12-09,21:29:16,interieur,24.6
2014-12-09,21:29:18,interieur,24.6
2014-12-09,21:29:20,interieur,24.6
2014-12-09,21:29:22,interieur,24.6
2014-12-09,21:29:24,interieur,24.6
2014-12-09,21:29:26,interieur,24.6
2014-12-09,21:29:28,interieur,24.6
2014-12-09,21:29:30,interieur,24.6
2014-12-09,21:29:32,interieur,24.6
2014-12-09,21:29:34,interieur,24.6
2014-12-09,21:29:36,interieur,24.6
2014-12-09,21:29:38,interieur,24.6
2014-12-09,21:29:40,interieur,24.6
2014-12-09,21:29:42,interieur,24.6
2014-12-09,21:29:44,interieur,24.6
2014-12-09,21:29:46,interieur,24.6
2014-12-09,21:29:48,interieur,24.6
2014-12-09,21:29:50,interieur,24.6
2014-12-09,21:29:52,interieur,24.6
2014-12-09,21:29:54,interieur,24.6
2014-12-09,21:29:56,interieur,24.6
2014-12-09,21:29:58,interieur,24.6
2014-12-09,21:30:00,interieur,24.6
2014-12-09,21:30:02,interieur,24.6
2014-12-09,21:30:05,interieur,24.6
2014-12-09,21:30:07,interieur,24.6
2014-12-09,21:30:09,interieur,24.6
2014-12-09,21:30:11,interieur,24.6
2014-12-09,21:30:13,interieur,24.6
2014-12-09,21:30:15,interieur,24.6
2014-12-09,21:30:17,interieur,24.6
2014-12-09,21:30:19,interieur,24.6
2014-12-09,21:30:21,interieur,24.6
2014-12-09,21:30:23,interieur,24.6
2014-12-09,21:30:25,interieur,24.6
2014-12-09,21:30:27,interieur,24.6
2014-12-09,21:30:29,interieur,24.6
2014-12-09,21:30:31,interieur,24.6
2014-12-09,21:30:33,interieur,24.6
2014-12-09,21:30:35,interieur,24.6
2014-12-09,21:30:37,interieur,24.6
2014-12-09,21:30:39,interieur,24.6
2014-12-09,21:30:41,interieur,24.6
2014-12-09,21:30:43,interieur,24.6
2014-12-09,21:30:45,interieur,24.6
2014-12-09,21:30:47,interieur,24.6
2014-12-09,21:30:49,interieur,24.6
2014-12-09,21:30:51,interieur,24.6
2014-12-09,21:30:53,interieur,24.6
2014-12-09,21:30:55,interieur,24.6
2014-12-09,21:30:57,interieur,24.6
2014-12-09,21:30:59,interieur,24.6
2014-12-09,21:31:01,interieur,24.6
2014-12-09,21:31:03,interieur,24.6
2014-12-09,21:31:05,interieur,24.6
2014-12-09,21:31:07,interieur,24.6
2014-12-09,21:31:09,interieur,24.6
2014-12-09,21:31:11,interieur,24.6
2014-12-09,21:31:13,interieur,24.6
2014-12-09,21:31:15,interieur,24.6
2014-12-09,21:31:17,interieur,24.6
2014-12-09,21:31:19,interieur,24.6
2014-12-09,21:31:21,interieur,24.6
2014-12-09,21:31:23,interieur,24.6
2014-12-09,21:31:25,interieur,24.6
2014-12-09,21:31:27,interieur,24.6
2014-12-09,21:31:29,interieur,24.6
2014-12-09,21:31:31,interieur,24.6
2014-12-09,21:31:33,interieur,24.6
2014-12-09,21:31:35,interieur,24.6
2014-12-09,21:31:37,interieur,24.6
2014-12-09,21:31:39,interieur,24.6
2014-12-09,21:31:41,interieur,24.6
2014-12-09,21:31:43,interieur,24.6
2014-12-09,21:31:46,interieur,24.6
2014-12-09,21:31:48,interieur,24.6
2014-12-09,21:31:50,interieur,24.6
2014-12-09,21:31:52,interieur,24.6
2014-12-09,21:31:54,interieur,24.6
2014-12-09,21:31:56,interieur,24.6
2014-12-09,21:31:58,interieur,24.6
2014-12-09,21:32:00,interieur,24.6
2014-12-09,21:32:02,interieur,24.6
2014-12-09,21:32:04,interieur,24.6
2014-12-09,21:32:06,interieur,24.6
2014-12-09,21:32:08,interieur,24.6
2014-12-09,21:32:10,interieur,24.6
2014-12-09,21:32:12,interieur,24.6
2014-12-09,21:32:14,interieur,24.6
2014-12-09,21:32:16,interieur,24.6
2014-12-09,21:32:18,interieur,24.6
2014-12-09,21:32:20,interieur,24.6
2014-12-09,21:32:22,interieur,24.6
2014-12-09,21:32:24,interieur,24.6
2014-12-09,21:32:26,interieur,24.6
2014-12-09,21:32:28,interieur,24.6
2014-12-09,21:32:30,interieur,24.6
2014-12-09,21:32:32,interieur,24.6
2014-12-09,21:32:34,interieur,24.6
2014-12-09,21:32:36,interieur,24.6
2014-12-09,21:32:38,interieur,24.6
2014-12-09,21:32:40,interieur,24.6
2014-12-09,21:32:42,interieur,24.6
2014-12-09,21:32:44,interieur,24.6
2014-12-09,21:32:46,interieur,24.6
2014-12-09,21:32:48,interieur,24.6
2014-12-09,21:32:50,interieur,24.6
2014-12-09,21:32:52,interieur,24.6
2014-12-09,21:32:54,interieur,24.6
2014-12-09,21:32:56,interieur,24.6
2014-12-09,21:32:58,interieur,24.6
2014-12-09,21:33:00,interieur,24.6
2014-12-09,21:33:02,interieur,24.6
2014-12-09,21:33:04,interieur,24.6
2014-12-09,21:33:06,interieur,24.6
2014-12-09,21:33:08,interieur,24.6
2014-12-09,21:33:10,interieur,24.6
2014-12-09,21:33:12,interieur,24.6
2014-12-09,21:33:14,interieur,24.6
2014-12-09,21:33:16,interieur,24.6
2014-12-09,21:33:18,interieur,24.6
2014-12-09,21:33:20,interieur,24.6
2014-12-09,21:33:22,interieur,24.6
2014-12-09,21:33:24,interieur,24.6
2014-12-09,21:33:27,interieur,24.6
2014-12-09,21:33:29,interieur,24.6
2014-12-09,21:33:31,interieur,24.6
2014-12-09,21:33:33,interieur,24.6
2014-12-09,21:33:35,interieur,24.6
2014-12-09,21:33:37,interieur,24.6
2014-12-09,21:33:39,interieur,24.6
2014-12-09,21:33:41,interieur,24.6
2014-12-09,21:33:43,interieur,24.6
2014-12-09,21:33:45,interieur,24.6
2014-12-09,21:33:47,interieur,24.6
2014-12-09,21:33:49,interieur,24.6
2014-12-09,21:33:51,interieur,24.6
2014-12-09,21:33:53,interieur,24.6
2014-12-09,21:33:55,interieur,24.6
2014-12-09,21:33:57,interieur,24.6
2014-12-09,21:33:59,interieur,24.6
2014-12-09,21:34:01,interieur,24.6
2014-12-09,21:34:03,interieur,24.6
2014-12-09,21:34:05,interieur,24.6
2014-12-09,21:34:07,interieur,24.6
2014-12-09,21:34:09,interieur,24.6
2014-12-09,21:34:11,interieur,24.6
2014-12-09,21:34:13,interieur,24.6
2014-12-09,21:34:15,interieur,24.6
2014-12-09,21:34:17,interieur,24.6
2014-12-09,21:34:19,interieur,24.6
2014-12-09,21:34:21,interieur,24.6
2014-12-09,21:34:23,interieur,24.6
2014-12-09,21:34:25,interieur,24.6
2014-12-09,21:34:27,interieur,24.6
2014-12-09,21:34:29,interieur,24.6
2014-12-09,21:34:31,interieur,24.6
2014-12-09,21:34:33,interieur,24.6
2014-12-09,21:34:35,interieur,24.6
2014-12-09,21:34:38,interieur,24.6
2014-12-09,21:34:40,interieur,24.6
2014-12-09,21:34:42,interieur,24.6
2014-12-09,21:34:44,interieur,24.6
2014-12-09,21:34:46,interieur,24.6
2014-12-09,21:34:48,interieur,24.6
2014-12-09,21:34:50,interieur,24.6
2014-12-09,21:34:52,interieur,24.6
2014-12-09,21:34:54,interieur,24.6
2014-12-09,21:34:56,interieur,24.6
2014-12-09,21:34:58,interieur,24.6
2014-12-09,21:35:00,interieur,24.6
2014-12-09,21:35:02,interieur,24.6
2014-12-09,21:35:04,interieur,24.6
2014-12-09,21:35:06,interieur,24.6
2014-12-09,21:35:08,interieur,24.6
2014-12-09,21:35:10,interieur,24.6
2014-12-09,21:35:12,interieur,24.6
2014-12-09,21:35:14,interieur,24.6
2014-12-09,21:35:16,interieur,24.6
2014-12-09,21:35:18,interieur,24.6
2014-12-09,21:35:20,interieur,24.6
2014-12-09,21:35:22,interieur,24.6
2014-12-09,21:35:24,interieur,24.6
2014-12-09,21:35:26,interieur,24.6
2014-12-09,21:35:28,interieur,24.6
2014-12-09,21:35:30,interieur,24.6
2014-12-09,21:35:32,interieur,24.6
2014-12-09,21:35:34,interieur,24.6
2014-12-09,21:35:36,interieur,24.6
2014-12-09,21:35:38,interieur,24.6
2014-12-09,21:35:40,interieur,24.6
2014-12-09,21:35:42,interieur,24.6
2014-12-09,21:35:44,interieur,24.6
2014-12-09,21:35:46,interieur,24.6
2014-12-09,21:35:49,interieur,24.6
2014-12-09,21:35:50,interieur,24.6
2014-12-09,21:35:52,interieur,24.6
2014-12-09,21:35:54,interieur,24.6
2014-12-09,21:35:56,interieur,24.6
2014-12-09,21:35:58,interieur,24.6
2014-12-09,21:36:00,interieur,24.6
2014-12-09,21:36:02,interieur,24.6
2014-12-09,21:36:04,interieur,24.6
2014-12-09,21:36:06,interieur,24.6
2014-12-09,21:36:09,interieur,24.6
2014-12-09,21:36:11,interieur,24.6
2014-12-09,21:36:13,interieur,24.6
2014-12-09,21:36:15,interieur,24.6
2014-12-09,21:36:17,interieur,24.6
2014-12-09,21:36:19,interieur,24.6
2014-12-09,21:36:21,interieur,24.6
2014-12-09,21:36:23,interieur,24.6
2014-12-09,21:36:25,interieur,24.6
2014-12-09,21:36:27,interieur,24.6
2014-12-09,21:36:34,interieur,24.6
2014-12-09,21:36:36,interieur,24.6
2014-12-09,21:36:38,interieur,24.6
2014-12-09,21:36:40,interieur,24.6
2014-12-09,21:36:42,interieur,24.6
2014-12-09,21:36:44,interieur,24.6
2014-12-09,21:36:46,interieur,24.6
2014-12-09,21:36:48,interieur,24.6
2014-12-09,21:36:50,interieur,24.6
2014-12-09,21:36:52,interieur,24.6
2014-12-09,21:36:54,interieur,24.6
2014-12-09,21:36:56,interieur,24.6
2014-12-09,21:36:58,interieur,24.6
2014-12-09,21:37:00,interieur,24.6
2014-12-09,21:37:02,interieur,24.6
2014-12-09,21:37:04,interieur,24.6
2014-12-09,21:37:06,interieur,24.6
2014-12-09,21:37:08,interieur,24.6
2014-12-09,21:37:10,interieur,24.6
2014-12-09,21:37:12,interieur,24.6
2014-12-09,21:37:14,interieur,24.6
2014-12-09,21:37:16,interieur,24.6
2014-12-09,21:37:18,interieur,24.6
2014-12-09,21:37:20,interieur,24.6
2014-12-09,21:37:22,interieur,24.6
2014-12-09,21:37:24,interieur,24.6
2014-12-09,21:37:26,interieur,24.6
2014-12-09,21:37:28,interieur,24.6
2014-12-09,21:37:30,interieur,24.6
2014-12-09,21:37:32,interieur,24.6
2014-12-09,21:37:34,interieur,24.6
2014-12-09,21:37:36,interieur,24.6
2014-12-09,21:37:38,interieur,24.6
2014-12-09,21:37:40,interieur,24.6
2014-12-09,21:37:42,interieur,24.6
2014-12-09,21:37:44,interieur,24.6
2014-12-09,21:37:46,interieur,24.6
2014-12-09,21:37:48,interieur,24.6
2014-12-09,21:37:50,interieur,24.6
2014-12-09,21:37:52,interieur,24.6
2014-12-09,21:37:54,interieur,24.6
2014-12-09,21:37:56,interieur,24.6
2014-12-09,21:37:58,interieur,24.6
2014-12-09,21:38:02,interieur,24.6
2014-12-09,21:38:04,interieur,24.6
2014-12-09,21:38:06,interieur,24.6
2014-12-09,21:38:08,interieur,24.6
2014-12-09,21:38:10,interieur,24.6
2014-12-09,21:38:12,interieur,24.6
2014-12-09,21:38:14,interieur,24.6
2014-12-09,21:38:16,interieur,24.6
2014-12-09,21:38:18,interieur,24.6
2014-12-09,21:38:20,interieur,24.6
2014-12-09,21:38:22,interieur,24.6
2014-12-09,21:38:24,interieur,24.6
2014-12-09,21:38:26,interieur,24.6
2014-12-09,21:38:28,interieur,24.6
2014-12-09,21:38:30,interieur,24.6
2014-12-09,21:38:32,interieur,24.6
2014-12-09,21:38:34,interieur,24.6
2014-12-09,21:38:36,interieur,24.6
2014-12-09,21:38:38,interieur,24.6
2014-12-09,21:38:40,interieur,24.6
2014-12-09,21:38:42,interieur,24.6
2014-12-09,21:38:44,interieur,24.6
2014-12-09,21:38:46,interieur,24.6
2014-12-09,21:38:48,interieur,24.6
2014-12-09,21:38:50,interieur,24.6
2014-12-09,21:38:52,interieur,24.6
2014-12-09,21:38:54,interieur,24.6
2014-12-09,21:38:56,interieur,24.6
2014-12-09,21:38:58,interieur,24.6
2014-12-09,21:39:00,interieur,24.6
2014-12-09,21:39:02,interieur,24.6
2014-12-09,21:39:04,interieur,24.6
2014-12-09,21:39:06,interieur,24.6
2014-12-09,21:39:08,interieur,24.6
2014-12-09,21:39:11,interieur,24.6
2014-12-09,21:39:13,interieur,24.6
2014-12-09,21:39:15,interieur,24.6
2014-12-09,21:39:17,interieur,24.6
2014-12-09,21:39:19,interieur,24.6
2014-12-09,21:39:21,interieur,24.6
2014-12-09,21:39:23,interieur,24.6
2014-12-09,21:39:25,interieur,24.6
2014-12-09,21:39:27,interieur,24.6
2014-12-09,21:39:29,interieur,24.6
2014-12-09,21:39:32,interieur,24.6
2014-12-09,21:39:33,interieur,24.6
2014-12-09,21:39:35,interieur,24.6
2014-12-09,21:39:37,interieur,24.6
2014-12-09,21:39:39,interieur,24.6
2014-12-09,21:39:41,interieur,24.6
2014-12-09,21:39:43,interieur,24.6
2014-12-09,21:39:45,interieur,24.6
2014-12-09,21:39:47,interieur,24.6
2014-12-09,21:39:49,interieur,24.6
2014-12-09,21:39:51,interieur,24.6
2014-12-09,21:39:53,interieur,24.6
2014-12-09,21:39:55,interieur,24.6
2014-12-09,21:39:57,interieur,24.6
2014-12-09,21:39:59,interieur,24.6
2014-12-09,21:40:01,interieur,24.6
2014-12-09,21:40:03,interieur,24.6
2014-12-09,21:40:05,interieur,24.6
2014-12-09,21:40:07,interieur,24.6
2014-12-09,21:40:09,interieur,24.6
2014-12-09,21:40:11,interieur,24.6
2014-12-09,21:40:13,interieur,24.6
2014-12-09,21:40:15,interieur,24.6
2014-12-09,21:40:17,interieur,24.6
2014-12-09,21:40:19,interieur,24.6
2014-12-09,21:40:21,interieur,24.6
2014-12-09,21:40:23,interieur,24.6
2014-12-09,21:40:25,interieur,24.6
2014-12-09,21:40:27,interieur,24.6
2014-12-09,21:40:29,interieur,24.6
2014-12-09,21:40:32,interieur,24.6
2014-12-09,21:40:33,interieur,24.6
2014-12-09,21:40:35,interieur,24.6
2014-12-09,21:40:37,interieur,24.6
2014-12-09,21:40:39,interieur,24.6
2014-12-09,21:40:42,interieur,24.6
2014-12-09,21:40:44,interieur,24.6
2014-12-09,21:40:46,interieur,24.6
2014-12-09,21:40:48,interieur,24.6
2014-12-09,21:40:50,interieur,24.6
2014-12-09,21:40:56,interieur,24.6
2014-12-09,21:40:58,interieur,24.6
2014-12-09,21:41:00,interieur,24.6
2014-12-09,21:41:02,interieur,24.6
2014-12-09,21:41:04,interieur,24.6
2014-12-09,21:41:06,interieur,24.6
2014-12-09,21:41:08,interieur,24.6
2014-12-09,21:41:10,interieur,24.6
2014-12-09,21:41:12,interieur,24.6
2014-12-09,21:41:14,interieur,24.6
2014-12-09,21:41:16,interieur,24.6
2014-12-09,21:41:18,interieur,24.6
2014-12-09,21:41:20,interieur,24.6
2014-12-09,21:41:22,interieur,24.6
2014-12-09,21:41:24,interieur,24.6
2014-12-09,21:41:26,interieur,24.6
2014-12-09,21:41:28,interieur,24.6
2014-12-09,21:41:30,interieur,24.6
2014-12-09,21:41:32,interieur,24.6
2014-12-09,21:41:34,interieur,24.6
2014-12-09,21:41:36,interieur,24.6
2014-12-09,21:41:38,interieur,24.6
2014-12-09,21:41:40,interieur,24.6
2014-12-09,21:41:42,interieur,24.6
2014-12-09,21:41:44,interieur,24.6
2014-12-09,21:41:46,interieur,24.6
2014-12-09,21:41:48,interieur,24.6
2014-12-09,21:41:50,interieur,24.6
2014-12-09,21:41:53,interieur,24.6
2014-12-09,21:41:55,interieur,24.6
2014-12-09,21:41:57,interieur,24.6
2014-12-09,21:41:59,interieur,24.6
2014-12-09,21:42:01,interieur,24.6
2014-12-09,21:42:03,interieur,24.6
2014-12-09,21:42:05,interieur,24.6
2014-12-09,21:42:07,interieur,24.6
2014-12-09,21:42:09,interieur,24.6
2014-12-09,21:42:11,interieur,24.6
2014-12-09,21:42:13,interieur,24.6
2014-12-09,21:42:15,interieur,24.6
2014-12-09,21:42:17,interieur,24.6
2014-12-09,21:42:19,interieur,24.6
2014-12-09,21:42:21,interieur,24.6
2014-12-09,21:42:23,interieur,24.6
2014-12-09,21:42:25,interieur,24.6
2014-12-09,21:42:27,interieur,24.6
2014-12-09,21:42:29,interieur,24.6
2014-12-09,21:42:31,interieur,24.6
2014-12-09,21:42:33,interieur,24.6
2014-12-09,21:42:35,interieur,24.6
2014-12-09,21:42:37,interieur,24.6
2014-12-09,21:42:39,interieur,24.6
2014-12-09,21:42:41,interieur,24.6
2014-12-09,21:42:43,interieur,24.6
2014-12-09,21:42:45,interieur,24.6
2014-12-09,21:42:47,interieur,24.6
2014-12-09,21:42:49,interieur,24.6
2014-12-09,21:42:51,interieur,24.6
2014-12-09,21:42:53,interieur,24.6
2014-12-09,21:42:55,interieur,24.6
2014-12-09,21:42:57,interieur,24.6
2014-12-09,21:42:59,interieur,24.6
2014-12-09,21:43:01,interieur,24.6
2014-12-09,21:43:03,interieur,24.6
2014-12-09,21:43:05,interieur,24.6
2014-12-09,21:43:07,interieur,24.6
2014-12-09,21:43:09,interieur,24.6
2014-12-09,21:43:11,interieur,24.6
2014-12-09,21:43:13,interieur,24.6
2014-12-09,21:43:15,interieur,24.6
2014-12-09,21:43:17,interieur,24.6
2014-12-09,21:43:19,interieur,24.6
2014-12-09,21:43:21,interieur,24.6
2014-12-09,21:43:23,interieur,24.6
2014-12-09,21:43:25,interieur,24.6
2014-12-09,21:43:27,interieur,24.6
2014-12-09,21:43:29,interieur,24.6
2014-12-09,21:43:31,interieur,24.6
2014-12-09,21:43:34,interieur,24.6
2014-12-09,21:43:36,interieur,24.6
2014-12-09,21:43:38,interieur,24.6
2014-12-09,21:43:40,interieur,24.6
2014-12-09,21:43:42,interieur,24.6
2014-12-09,21:43:44,interieur,24.6
2014-12-09,21:43:46,interieur,24.6
2014-12-09,21:43:48,interieur,24.6
2014-12-09,21:43:50,interieur,24.6
2014-12-09,21:43:52,interieur,24.6
2014-12-09,21:43:54,interieur,24.6
2014-12-09,21:43:56,interieur,24.6
2014-12-09,21:43:58,interieur,24.6
2014-12-09,21:44:00,interieur,24.6
2014-12-09,21:44:02,interieur,24.6
2014-12-09,21:44:04,interieur,24.6
2014-12-09,21:44:06,interieur,24.6
2014-12-09,21:44:08,interieur,24.6
2014-12-09,21:44:10,interieur,24.6
2014-12-09,21:44:12,interieur,24.6
2014-12-09,21:44:14,interieur,24.6
2014-12-09,21:44:16,interieur,24.6
2014-12-09,21:44:18,interieur,24.6
2014-12-09,21:44:20,interieur,24.6
2014-12-09,21:44:22,interieur,24.6
2014-12-09,21:44:24,interieur,24.6
2014-12-09,21:44:26,interieur,24.6
2014-12-09,21:44:28,interieur,24.6
2014-12-09,21:44:30,interieur,24.6
2014-12-09,21:44:32,interieur,24.6
2014-12-09,21:44:34,interieur,24.6
2014-12-09,21:44:36,interieur,24.6
2014-12-09,21:44:38,interieur,24.6
2014-12-09,21:44:40,interieur,24.6
2014-12-09,21:44:42,interieur,24.6
2014-12-09,21:44:44,interieur,24.6
2014-12-09,21:44:46,interieur,24.6
2014-12-09,21:44:48,interieur,24.6
2014-12-09,21:44:50,interieur,24.6
2014-12-09,21:44:52,interieur,24.6
2014-12-09,21:44:54,interieur,24.6
2014-12-09,21:44:56,interieur,24.6
2014-12-09,21:44:58,interieur,24.6
2014-12-09,21:45:00,interieur,24.6
2014-12-09,21:45:02,interieur,24.6
2014-12-09,21:45:04,interieur,24.6
2014-12-09,21:45:06,interieur,24.6
2014-12-09,21:45:09,interieur,24.6
2014-12-09,21:45:11,interieur,24.6
2014-12-09,21:45:13,interieur,24.6
2014-12-09,21:45:15,interieur,24.6
2014-12-09,21:45:17,interieur,24.6
2014-12-09,21:45:19,interieur,24.6
2014-12-09,21:45:21,interieur,24.6
2014-12-09,21:45:23,interieur,24.6
2014-12-09,21:45:25,interieur,24.6
2014-12-09,21:45:27,interieur,24.6
2014-12-09,21:45:29,interieur,24.6
2014-12-09,21:45:31,interieur,24.6
2014-12-09,21:45:33,interieur,24.6
2014-12-09,21:45:35,interieur,24.6
2014-12-09,21:45:37,interieur,24.6
2014-12-09,21:45:39,interieur,24.6
2014-12-09,21:45:41,interieur,24.6
2014-12-09,21:45:43,interieur,24.6
2014-12-09,21:45:45,interieur,24.6
2014-12-09,21:45:47,interieur,24.6
2014-12-09,21:45:49,interieur,24.6
2014-12-09,21:45:51,interieur,24.6
2014-12-09,21:45:53,interieur,24.6
2014-12-09,21:45:55,interieur,24.6
2014-12-09,21:45:57,interieur,24.6
2014-12-09,21:45:59,interieur,24.6
2014-12-09,21:46:01,interieur,24.6
2014-12-09,21:46:03,interieur,24.6
2014-12-09,21:46:05,interieur,24.6
2014-12-09,21:46:07,interieur,24.6
2014-12-09,21:46:09,interieur,24.6
2014-12-09,21:46:11,interieur,24.6
2014-12-09,21:46:13,interieur,24.6
2014-12-09,21:46:15,interieur,24.6
2014-12-09,21:46:17,interieur,24.6
2014-12-09,21:46:19,interieur,24.6
2014-12-09,21:46:21,interieur,24.6
2014-12-09,21:46:23,interieur,24.6
2014-12-09,21:46:26,interieur,24.6
2014-12-09,21:46:27,interieur,24.6
2014-12-09,21:46:29,interieur,24.6
2014-12-09,21:46:31,interieur,24.6
2014-12-09,21:46:33,interieur,24.6
2014-12-09,21:46:35,interieur,24.6
2014-12-09,21:46:37,interieur,24.6
2014-12-09,21:46:39,interieur,24.6
2014-12-09,21:46:41,interieur,24.6
2014-12-09,21:46:43,interieur,24.6
2014-12-09,21:46:45,interieur,24.6
2014-12-09,21:46:47,interieur,24.6
2014-12-09,21:46:49,interieur,24.6
2014-12-09,21:46:51,interieur,24.6
2014-12-09,21:46:53,interieur,24.6
2014-12-09,21:46:56,interieur,24.6
2014-12-09,21:46:58,interieur,24.6
2014-12-09,21:47:00,interieur,24.6
2014-12-09,21:47:02,interieur,24.6
2014-12-09,21:47:04,interieur,24.6
2014-12-09,21:47:06,interieur,24.6
2014-12-09,21:47:08,interieur,24.6
2014-12-09,21:47:10,interieur,24.6
2014-12-09,21:47:12,interieur,24.6
2014-12-09,21:47:14,interieur,24.6
2014-12-09,21:47:16,interieur,24.6
2014-12-09,21:47:18,interieur,24.6
2014-12-09,21:47:20,interieur,24.6
2014-12-09,21:47:22,interieur,24.6
2014-12-09,21:47:24,interieur,24.6
2014-12-09,21:47:26,interieur,24.6
2014-12-09,21:47:28,interieur,24.6
2014-12-09,21:47:30,interieur,24.6
2014-12-09,21:47:32,interieur,24.6
2014-12-09,21:47:34,interieur,24.6
2014-12-09,21:47:36,interieur,24.6
2014-12-09,21:47:38,interieur,24.6
2014-12-09,21:47:40,interieur,24.6
2014-12-09,21:47:42,interieur,24.6
2014-12-09,21:47:44,interieur,24.6
2014-12-09,21:47:46,interieur,24.6
2014-12-09,21:47:48,interieur,24.6
2014-12-09,21:47:50,interieur,24.6
2014-12-09,21:47:52,interieur,24.6
2014-12-09,21:47:54,interieur,24.6
2014-12-09,21:47:56,interieur,24.6
2014-12-09,21:47:58,interieur,24.6
2014-12-09,21:48:00,interieur,24.6
2014-12-09,21:48:02,interieur,24.6
2014-12-09,21:48:04,interieur,24.6
2014-12-09,21:48:06,interieur,24.6
2014-12-09,21:48:08,interieur,24.6
2014-12-09,21:48:10,interieur,24.6
2014-12-09,21:48:12,interieur,24.6
2014-12-09,21:48:14,interieur,24.6
2014-12-09,21:48:16,interieur,24.6
2014-12-09,21:48:18,interieur,24.6
2014-12-09,21:48:20,interieur,24.6
2014-12-09,21:48:22,interieur,24.6
2014-12-09,21:48:24,interieur,24.6
2014-12-09,21:48:26,interieur,24.6
2014-12-09,21:48:28,interieur,24.6
2014-12-09,21:48:30,interieur,24.6
2014-12-09,21:48:32,interieur,24.6
2014-12-09,21:48:34,interieur,24.6
2014-12-09,21:48:37,interieur,24.6
2014-12-09,21:48:39,interieur,24.6
2014-12-09,21:48:41,interieur,24.6
2014-12-09,21:48:43,interieur,24.6
2014-12-09,21:48:45,interieur,24.6
2014-12-09,21:48:47,interieur,24.6
2014-12-09,21:48:49,interieur,24.6
2014-12-09,21:48:51,interieur,24.6
2014-12-09,21:48:53,interieur,24.6
2014-12-09,21:48:55,interieur,24.6
2014-12-09,21:48:57,interieur,24.6
2014-12-09,21:48:59,interieur,24.6
2014-12-09,21:49:01,interieur,24.6
2014-12-09,21:49:03,interieur,24.6
2014-12-09,21:49:05,interieur,24.6
2014-12-09,21:49:07,interieur,24.6
2014-12-09,21:49:09,interieur,24.6
2014-12-09,21:49:11,interieur,24.6
2014-12-09,21:49:13,interieur,24.6
2014-12-09,21:49:15,interieur,24.6
2014-12-09,21:49:19,interieur,24.6
2014-12-09,21:49:19,interieur,24.6
2014-12-09,21:49:21,interieur,24.6
2014-12-09,21:49:23,interieur,24.6
2014-12-09,21:49:25,interieur,24.6
2014-12-09,21:49:27,interieur,24.6
2014-12-09,21:49:29,interieur,24.6
2014-12-09,21:49:31,interieur,24.6
2014-12-09,21:49:33,interieur,24.6
2014-12-09,21:49:35,interieur,24.6
2014-12-09,21:49:37,interieur,24.6
2014-12-09,21:49:39,interieur,24.6
2014-12-09,21:49:41,interieur,24.6
2014-12-09,21:49:43,interieur,24.6
2014-12-09,21:49:45,interieur,24.6
2014-12-09,21:49:47,interieur,24.6
2014-12-09,21:49:49,interieur,24.6
2014-12-09,21:49:51,interieur,24.6
2014-12-09,21:49:53,interieur,24.6
2014-12-09,21:49:55,interieur,24.6
2014-12-09,21:49:57,interieur,24.6
2014-12-09,21:49:59,interieur,24.6
2014-12-09,21:50:01,interieur,24.6
2014-12-09,21:50:03,interieur,24.6
2014-12-09,21:50:05,interieur,24.6
2014-12-09,21:50:08,interieur,24.6
2014-12-09,21:50:10,interieur,24.6
2014-12-09,21:50:12,interieur,24.6
2014-12-09,21:50:14,interieur,24.6
2014-12-09,21:50:16,interieur,24.6
2014-12-09,21:50:18,interieur,24.6
2014-12-09,21:50:20,interieur,24.6
2014-12-09,21:50:22,interieur,24.6
2014-12-09,21:50:24,interieur,24.6
2014-12-09,21:50:26,interieur,24.6
2014-12-09,21:50:29,interieur,24.6
2014-12-09,21:50:30,interieur,24.6
2014-12-09,21:50:32,interieur,24.6
2014-12-09,21:50:34,interieur,24.6
2014-12-09,21:50:36,interieur,24.6
2014-12-09,21:50:38,interieur,24.6
2014-12-09,21:50:40,interieur,24.6
2014-12-09,21:50:42,interieur,24.6
2014-12-09,21:50:44,interieur,24.6
2014-12-09,21:50:46,interieur,24.6
2014-12-09,21:50:48,interieur,24.6
2014-12-09,21:50:50,interieur,24.6
2014-12-09,21:50:52,interieur,24.6
2014-12-09,21:50:54,interieur,24.6
2014-12-09,21:50:56,interieur,24.6
2014-12-09,21:50:58,interieur,24.6
2014-12-09,21:51:00,interieur,24.6
2014-12-09,21:51:02,interieur,24.6
2014-12-09,21:51:04,interieur,24.6
2014-12-09,21:51:06,interieur,24.6
2014-12-09,21:51:08,interieur,24.6
2014-12-09,21:51:10,interieur,24.5
2014-12-09,21:51:12,interieur,24.6
2014-12-09,21:51:14,interieur,24.6
2014-12-09,21:51:16,interieur,24.6
2014-12-09,21:51:18,interieur,24.6
2014-12-09,21:51:20,interieur,24.6
2014-12-09,21:51:22,interieur,24.6
2014-12-09,21:51:24,interieur,24.6
2014-12-09,21:51:26,interieur,24.6
2014-12-09,21:51:28,interieur,24.6
2014-12-09,21:51:30,interieur,24.6
2014-12-09,21:51:32,interieur,24.6
2014-12-09,21:51:34,interieur,24.6
2014-12-09,21:51:36,interieur,24.6
2014-12-09,21:51:39,interieur,24.6
2014-12-09,21:51:41,interieur,24.6
2014-12-09,21:51:43,interieur,24.6
2014-12-09,21:51:45,interieur,24.6
2014-12-09,21:51:47,interieur,24.6
2014-12-09,21:51:49,interieur,24.6
2014-12-09,21:51:51,interieur,24.6
2014-12-09,21:51:53,interieur,24.6
2014-12-09,21:51:55,interieur,24.6
2014-12-09,21:51:57,interieur,24.6
2014-12-09,21:51:59,interieur,24.6
2014-12-09,21:52:01,interieur,24.6
2014-12-09,21:52:03,interieur,24.5
2014-12-09,21:52:05,interieur,24.6
2014-12-09,21:52:07,interieur,24.6
2014-12-09,21:52:09,interieur,24.6
2014-12-09,21:52:11,interieur,24.6
2014-12-09,21:52:13,interieur,24.5
2014-12-09,21:52:15,interieur,24.5
2014-12-09,21:52:17,interieur,24.6
2014-12-09,21:52:19,interieur,24.6
2014-12-09,21:52:21,interieur,24.6
2014-12-09,21:52:23,interieur,24.6
2014-12-09,21:52:25,interieur,24.6
2014-12-09,21:52:27,interieur,24.6
2014-12-09,21:52:29,interieur,24.6
2014-12-09,21:52:31,interieur,24.5
2014-12-09,21:52:33,interieur,24.6
2014-12-09,21:52:35,interieur,24.6
2014-12-09,21:52:37,interieur,24.5
2014-12-09,21:52:40,interieur,24.6
2014-12-09,21:52:42,interieur,24.6
2014-12-09,21:52:44,interieur,24.6
2014-12-09,21:52:46,interieur,24.6
2014-12-09,21:52:48,interieur,24.6
2014-12-09,21:52:50,interieur,24.6
2014-12-09,21:52:52,interieur,24.6
2014-12-09,21:52:54,interieur,24.6
2014-12-09,21:52:56,interieur,24.6
2014-12-09,21:52:58,interieur,24.5
2014-12-09,21:53:00,interieur,24.6
2014-12-09,21:53:02,interieur,24.6
2014-12-09,21:53:04,interieur,24.6
2014-12-09,21:53:06,interieur,24.6
2014-12-09,21:53:08,interieur,24.6
2014-12-09,21:53:10,interieur,24.6
2014-12-09,21:53:12,interieur,24.5
2014-12-09,21:53:14,interieur,24.6
2014-12-09,21:53:16,interieur,24.6
2014-12-09,21:53:18,interieur,24.6
2014-12-09,21:53:20,interieur,24.5
2014-12-09,21:53:22,interieur,24.6
2014-12-09,21:53:24,interieur,24.6
2014-12-09,21:53:26,interieur,24.6
2014-12-09,21:53:28,interieur,24.6
2014-12-09,21:53:30,interieur,24.6
2014-12-09,21:53:32,interieur,24.6
2014-12-09,21:53:34,interieur,24.6
2014-12-09,21:53:36,interieur,24.5
2014-12-09,21:53:38,interieur,24.6
2014-12-09,21:53:42,interieur,24.6
2014-12-09,21:53:44,interieur,24.6
2014-12-09,21:53:46,interieur,24.5
2014-12-09,21:53:48,interieur,24.6
2014-12-09,21:53:50,interieur,24.6
2014-12-09,21:53:52,interieur,24.6
2014-12-09,21:53:54,interieur,24.6
2014-12-09,21:53:56,interieur,24.6
2014-12-09,21:53:58,interieur,24.6
2014-12-09,21:54:01,interieur,24.6
2014-12-09,21:54:02,interieur,24.6
2014-12-09,21:54:04,interieur,24.5
2014-12-09,21:54:06,interieur,24.6
2014-12-09,21:54:08,interieur,24.6
2014-12-09,21:54:10,interieur,24.6
2014-12-09,21:54:12,interieur,24.6
2014-12-09,21:54:14,interieur,24.6
2014-12-09,21:54:16,interieur,24.6
2014-12-09,21:54:18,interieur,24.6
2014-12-09,21:54:21,interieur,24.6
2014-12-09,21:54:23,interieur,24.5
2014-12-09,21:54:25,interieur,24.6
2014-12-09,21:54:27,interieur,24.6
2014-12-09,21:54:29,interieur,24.6
2014-12-09,21:54:31,interieur,24.6
2014-12-09,21:54:33,interieur,24.6
2014-12-09,21:54:35,interieur,24.6
2014-12-09,21:54:37,interieur,24.6
2014-12-09,21:54:39,interieur,24.6
2014-12-09,21:54:41,interieur,24.6
2014-12-09,21:54:43,interieur,24.6
2014-12-09,21:54:45,interieur,24.6
2014-12-09,21:54:47,interieur,24.6
2014-12-09,21:54:49,interieur,24.6
2014-12-09,21:54:51,interieur,24.6
2014-12-09,21:54:53,interieur,24.6
2014-12-09,21:54:55,interieur,24.6
2014-12-09,21:54:57,interieur,24.6
2014-12-09,21:54:59,interieur,24.6
2014-12-09,21:55:01,interieur,24.6
2014-12-09,21:55:03,interieur,24.6
2014-12-09,21:55:05,interieur,24.6
2014-12-09,21:55:07,interieur,24.6
2014-12-09,21:55:09,interieur,24.6
2014-12-09,21:55:11,interieur,24.6
2014-12-09,21:55:13,interieur,24.6
2014-12-09,21:55:15,interieur,24.6
2014-12-09,21:55:17,interieur,24.6
2014-12-09,21:55:20,interieur,24.6
2014-12-09,21:55:21,interieur,24.6
2014-12-09,21:55:23,interieur,24.6
2014-12-09,21:55:25,interieur,24.6
2014-12-09,21:55:27,interieur,24.6
2014-12-09,21:55:29,interieur,24.6
2014-12-09,21:55:31,interieur,24.6
2014-12-09,21:55:33,interieur,24.6
2014-12-09,21:55:35,interieur,24.6
2014-12-09,21:55:37,interieur,24.6
2014-12-09,21:55:39,interieur,24.6
2014-12-09,21:55:41,interieur,24.6
2014-12-09,21:55:43,interieur,24.6
2014-12-09,21:55:45,interieur,24.6
2014-12-09,21:55:47,interieur,24.6
2014-12-09,21:55:50,interieur,24.6
2014-12-09,21:55:51,interieur,24.6
2014-12-09,21:55:53,interieur,24.6
2014-12-09,21:55:55,interieur,24.6
2014-12-09,21:55:57,interieur,24.6
2014-12-09,21:55:59,interieur,24.6
2014-12-09,21:56:01,interieur,24.6
2014-12-09,21:56:03,interieur,24.6
2014-12-09,21:56:05,interieur,24.6
2014-12-09,21:56:07,interieur,24.6
2014-12-09,21:56:09,interieur,24.6
2014-12-09,21:56:12,interieur,24.6
2014-12-09,21:56:14,interieur,24.6
2014-12-09,21:56:16,interieur,24.6
2014-12-09,21:56:18,interieur,24.6
2014-12-09,21:56:20,interieur,24.6
2014-12-09,21:56:22,interieur,24.6
2014-12-09,21:56:24,interieur,24.6
2014-12-09,21:56:26,interieur,24.6
2014-12-09,21:56:28,interieur,24.6
2014-12-09,21:56:30,interieur,24.6
2014-12-09,21:56:32,interieur,24.6
2014-12-09,21:56:34,interieur,24.6
2014-12-09,21:56:36,interieur,24.6
2014-12-09,21:56:38,interieur,24.6
2014-12-09,21:56:40,interieur,24.6
2014-12-09,21:56:42,interieur,24.6
2014-12-09,21:56:44,interieur,24.6
2014-12-09,21:56:46,interieur,24.6
2014-12-09,21:56:48,interieur,24.6
2014-12-09,21:56:50,interieur,24.6
2014-12-09,21:56:52,interieur,24.6
2014-12-09,21:56:54,interieur,24.6
2014-12-09,21:56:56,interieur,24.6
2014-12-09,21:56:58,interieur,24.6
2014-12-09,21:57:00,interieur,24.6
2014-12-09,21:57:02,interieur,24.6
2014-12-09,21:57:04,interieur,24.6
2014-12-09,21:57:06,interieur,24.6
2014-12-09,21:57:08,interieur,24.6
2014-12-09,21:57:10,interieur,24.6
2014-12-09,21:57:12,interieur,24.6
2014-12-09,21:57:14,interieur,24.6
2014-12-09,21:57:16,interieur,24.6
2014-12-09,21:57:18,interieur,24.6
2014-12-09,21:57:20,interieur,24.6
2014-12-09,21:57:22,interieur,24.6
2014-12-09,21:57:24,interieur,24.6
2014-12-09,21:57:26,interieur,24.6
2014-12-09,21:57:28,interieur,24.6
2014-12-09,21:57:30,interieur,24.6
2014-12-09,21:57:32,interieur,24.5
2014-12-09,21:57:34,interieur,24.6
2014-12-09,21:57:36,interieur,24.5
2014-12-09,21:57:38,interieur,24.6
2014-12-09,21:57:40,interieur,24.6
2014-12-09,21:57:43,interieur,24.6
2014-12-09,21:57:45,interieur,24.6
2014-12-09,21:57:47,interieur,24.6
2014-12-09,21:57:49,interieur,24.5
2014-12-09,21:57:51,interieur,24.6
2014-12-09,21:57:53,interieur,24.6
2014-12-09,21:57:55,interieur,24.6
2014-12-09,21:57:57,interieur,24.6
2014-12-09,21:57:59,interieur,24.6
2014-12-09,21:58:01,interieur,24.6
2014-12-09,21:58:03,interieur,24.6
2014-12-09,21:58:05,interieur,24.5
2014-12-09,21:58:07,interieur,24.5
2014-12-09,21:58:09,interieur,24.6
2014-12-09,21:58:11,interieur,24.5
2014-12-09,21:58:13,interieur,24.6
2014-12-09,21:58:15,interieur,24.5
2014-12-09,21:58:17,interieur,24.5
2014-12-09,21:58:19,interieur,24.6
2014-12-09,21:58:21,interieur,24.6
2014-12-09,21:58:23,interieur,24.6
2014-12-09,21:58:25,interieur,24.6
2014-12-09,21:58:27,interieur,24.6
2014-12-09,21:58:29,interieur,24.6
2014-12-09,21:58:31,interieur,24.5
2014-12-09,21:58:33,interieur,24.6
2014-12-09,21:58:35,interieur,24.5
2014-12-09,21:58:37,interieur,24.5
2014-12-09,21:58:39,interieur,24.5
2014-12-09,21:58:41,interieur,24.6
2014-12-09,21:58:43,interieur,24.6
2014-12-09,21:58:45,interieur,24.5
2014-12-09,21:58:47,interieur,24.6
2014-12-09,21:58:50,interieur,24.6
2014-12-09,21:58:51,interieur,24.6
2014-12-09,21:58:53,interieur,24.5
2014-12-09,21:58:55,interieur,24.6
2014-12-09,21:58:57,interieur,24.6
2014-12-09,21:59:00,interieur,24.6
2014-12-09,21:59:01,interieur,24.6
2014-12-09,21:59:03,interieur,24.6
2014-12-09,21:59:05,interieur,24.6
2014-12-09,21:59:07,interieur,24.6
2014-12-09,21:59:09,interieur,24.5
2014-12-09,21:59:11,interieur,24.6
2014-12-09,21:59:13,interieur,24.6
2014-12-09,21:59:15,interieur,24.6
2014-12-09,21:59:17,interieur,24.5
2014-12-09,21:59:20,interieur,24.5
2014-12-09,21:59:21,interieur,24.5
2014-12-09,21:59:23,interieur,24.6
2014-12-09,21:59:25,interieur,24.6
2014-12-09,21:59:27,interieur,24.6
2014-12-09,21:59:29,interieur,24.6
2014-12-09,21:59:31,interieur,24.6
2014-12-09,21:59:34,interieur,24.6
2014-12-09,21:59:36,interieur,24.6
2014-12-09,21:59:38,interieur,24.6
2014-12-09,21:59:40,interieur,24.6
2014-12-09,21:59:42,interieur,24.6
2014-12-09,21:59:44,interieur,24.6
2014-12-09,21:59:46,interieur,24.6
2014-12-09,21:59:48,interieur,24.6
2014-12-09,21:59:50,interieur,24.6
2014-12-09,21:59:52,interieur,24.6
2014-12-09,21:59:54,interieur,24.6
2014-12-09,21:59:56,interieur,24.6
2014-12-09,21:59:58,interieur,24.6
2014-12-09,22:00:00,interieur,24.6
2014-12-09,22:00:02,interieur,24.6
2014-12-09,22:00:04,interieur,24.6
2014-12-09,22:00:06,interieur,24.6
2014-12-09,22:00:08,interieur,24.6
2014-12-09,22:00:10,interieur,24.6
2014-12-09,22:00:12,interieur,24.5
2014-12-09,22:00:14,interieur,24.6
2014-12-09,22:00:16,interieur,24.6
2014-12-09,22:00:18,interieur,24.6
2014-12-09,22:00:20,interieur,24.6
2014-12-09,22:00:22,interieur,24.6
2014-12-09,22:00:24,interieur,24.6
2014-12-09,22:00:26,interieur,24.6
2014-12-09,22:00:28,interieur,24.6
2014-12-09,22:00:30,interieur,24.6
2014-12-09,22:00:32,interieur,24.6
2014-12-09,22:00:34,interieur,24.6
2014-12-09,22:00:36,interieur,24.6
2014-12-09,22:00:38,interieur,24.6
2014-12-09,22:00:40,interieur,24.6
2014-12-09,22:00:42,interieur,24.6
2014-12-09,22:00:44,interieur,24.6
2014-12-09,22:00:46,interieur,24.6
2014-12-09,22:00:48,interieur,24.6
2014-12-09,22:00:50,interieur,24.6
2014-12-09,22:00:52,interieur,24.6
2014-12-09,22:00:54,interieur,24.6
2014-12-09,22:00:56,interieur,24.6
2014-12-09,22:00:58,interieur,24.6
2014-12-09,22:01:00,interieur,24.6
2014-12-09,22:01:02,interieur,24.6
2014-12-09,22:01:04,interieur,24.6
2014-12-09,22:01:06,interieur,24.6
2014-12-09,22:01:08,interieur,24.6
2014-12-09,22:01:10,interieur,24.6
2014-12-09,22:01:12,interieur,24.6
2014-12-09,22:01:15,interieur,24.6
2014-12-09,22:01:17,interieur,24.6
2014-12-09,22:01:19,interieur,24.6
2014-12-09,22:01:21,interieur,24.6
2014-12-09,22:01:23,interieur,24.6
2014-12-09,22:01:25,interieur,24.5
2014-12-09,22:01:27,interieur,24.6
2014-12-09,22:01:29,interieur,24.6
2014-12-09,22:01:31,interieur,24.5
2014-12-09,22:01:33,interieur,24.6
2014-12-09,22:01:35,interieur,24.6
2014-12-09,22:01:37,interieur,24.6
2014-12-09,22:01:39,interieur,24.6
2014-12-09,22:01:41,interieur,24.6
2014-12-09,22:01:43,interieur,24.6
2014-12-09,22:01:45,interieur,24.6
2014-12-09,22:01:47,interieur,24.5
2014-12-09,22:01:49,interieur,24.6
2014-12-09,22:02:03,interieur,24.6
2014-12-09,22:02:05,interieur,24.5
2014-12-09,22:02:07,interieur,24.6
2014-12-09,22:02:09,interieur,24.6
2014-12-09,22:02:11,interieur,24.5
2014-12-09,22:02:13,interieur,24.6
2014-12-09,22:02:21,interieur,24.6
2014-12-09,22:02:23,interieur,24.6
2014-12-09,22:02:25,interieur,24.5
2014-12-09,22:02:27,interieur,24.5
2014-12-09,22:02:29,interieur,24.6
2014-12-09,22:02:31,interieur,24.5
2014-12-09,22:02:33,interieur,24.5
2014-12-09,22:02:35,interieur,24.6
2014-12-09,22:02:37,interieur,24.5
2014-12-09,22:02:39,interieur,24.6
2014-12-09,22:02:41,interieur,24.6
2014-12-09,22:02:43,interieur,24.6
2014-12-09,22:02:45,interieur,24.5
2014-12-09,22:02:47,interieur,24.5
2014-12-09,22:02:49,interieur,24.5
2014-12-09,22:02:51,interieur,24.5
2014-12-09,22:02:53,interieur,24.6
2014-12-09,22:02:55,interieur,24.6
2014-12-09,22:02:57,interieur,24.5
2014-12-09,22:02:59,interieur,24.5
2014-12-09,22:03:01,interieur,24.5
2014-12-09,22:03:03,interieur,24.5
2014-12-09,22:03:05,interieur,24.5
2014-12-09,22:03:07,interieur,24.5
2014-12-09,22:03:09,interieur,24.5
2014-12-09,22:03:11,interieur,24.5
2014-12-09,22:03:13,interieur,24.5
2014-12-09,22:03:15,interieur,24.5
2014-12-09,22:03:17,interieur,24.5
2014-12-09,22:03:19,interieur,24.6
2014-12-09,22:03:21,interieur,24.5
2014-12-09,22:03:23,interieur,24.5
2014-12-09,22:03:25,interieur,24.5
2014-12-09,22:03:27,interieur,24.5
2014-12-09,22:03:29,interieur,24.5
2014-12-09,22:03:31,interieur,24.5
2014-12-09,22:03:33,interieur,24.5
2014-12-09,22:03:35,interieur,24.5
2014-12-09,22:03:37,interieur,24.5
2014-12-09,22:03:39,interieur,24.6
2014-12-09,22:03:41,interieur,24.5
2014-12-09,22:03:43,interieur,24.5
2014-12-09,22:03:45,interieur,24.5
2014-12-09,22:03:47,interieur,24.6
2014-12-09,22:03:49,interieur,24.5
2014-12-09,22:03:51,interieur,24.6
2014-12-09,22:03:53,interieur,24.5
2014-12-09,22:03:55,interieur,24.5
2014-12-09,22:03:57,interieur,24.6
2014-12-09,22:03:59,interieur,24.5
2014-12-09,22:04:01,interieur,24.6
2014-12-09,22:04:03,interieur,24.5
2014-12-09,22:04:05,interieur,24.5
2014-12-09,22:04:07,interieur,24.5
2014-12-09,22:04:09,interieur,24.6
2014-12-09,22:04:11,interieur,24.6
2014-12-09,22:04:13,interieur,24.5
2014-12-09,22:04:15,interieur,24.5
2014-12-09,22:04:17,interieur,24.6
2014-12-09,22:04:19,interieur,24.5
2014-12-09,22:04:21,interieur,24.5
2014-12-09,22:04:23,interieur,24.5
2014-12-09,22:04:25,interieur,24.5
2014-12-09,22:04:27,interieur,24.6
2014-12-09,22:04:29,interieur,24.5
2014-12-09,22:04:31,interieur,24.6
2014-12-09,22:04:33,interieur,24.6
2014-12-09,22:04:35,interieur,24.5
2014-12-09,22:04:37,interieur,24.5
2014-12-09,22:04:39,interieur,24.5
2014-12-09,22:04:41,interieur,24.6
2014-12-09,22:04:43,interieur,24.6
2014-12-09,22:04:45,interieur,24.5
2014-12-09,22:04:47,interieur,24.6
2014-12-09,22:04:49,interieur,24.6
2014-12-09,22:04:51,interieur,24.5
2014-12-09,22:04:53,interieur,24.6
2014-12-09,22:04:55,interieur,24.6
2014-12-09,22:04:57,interieur,24.5
2014-12-09,22:04:59,interieur,24.5
2014-12-09,22:05:01,interieur,24.5
2014-12-09,22:05:03,interieur,24.5
2014-12-09,22:05:05,interieur,24.5
2014-12-09,22:05:07,interieur,24.5
2014-12-09,22:05:09,interieur,24.5
2014-12-09,22:05:11,interieur,24.6
2014-12-09,22:05:14,interieur,24.5
2014-12-09,22:05:16,interieur,24.6
2014-12-09,22:05:18,interieur,24.5
2014-12-09,22:05:20,interieur,24.5
2014-12-09,22:05:22,interieur,24.5
2014-12-09,22:05:24,interieur,24.6
2014-12-09,22:05:26,interieur,24.6
2014-12-09,22:05:28,interieur,24.6
2014-12-09,22:05:30,interieur,24.6
2014-12-09,22:05:32,interieur,24.6
2014-12-09,22:05:34,interieur,24.5
2014-12-09,22:05:36,interieur,24.6
2014-12-09,22:05:38,interieur,24.6
2014-12-09,22:05:40,interieur,24.6
2014-12-09,22:05:42,interieur,24.6
2014-12-09,22:05:44,interieur,24.6
2014-12-09,22:05:46,interieur,24.6
2014-12-09,22:05:48,interieur,24.6
2014-12-09,22:05:50,interieur,24.6
2014-12-09,22:05:52,interieur,24.6
2014-12-09,22:05:54,interieur,24.6
2014-12-09,22:05:56,interieur,24.6
2014-12-09,22:05:58,interieur,24.6
2014-12-09,22:06:00,interieur,24.6
2014-12-09,22:06:02,interieur,24.6
2014-12-09,22:06:04,interieur,24.6
2014-12-09,22:06:06,interieur,24.6
2014-12-09,22:06:08,interieur,24.6
2014-12-09,22:06:10,interieur,24.6
2014-12-09,22:06:12,interieur,24.6
2014-12-09,22:06:14,interieur,24.6
2014-12-09,22:06:16,interieur,24.6
2014-12-09,22:06:18,interieur,24.6
2014-12-09,22:06:20,interieur,24.5
2014-12-09,22:06:22,interieur,24.5
2014-12-09,22:06:24,interieur,24.6
2014-12-09,22:06:26,interieur,24.6
2014-12-09,22:06:28,interieur,24.6
2014-12-09,22:06:30,interieur,24.6
2014-12-09,22:06:32,interieur,24.6
2014-12-09,22:06:34,interieur,24.5
2014-12-09,22:06:36,interieur,24.6
2014-12-09,22:06:38,interieur,24.6
2014-12-09,22:06:40,interieur,24.5
2014-12-09,22:06:42,interieur,24.6
2014-12-09,22:06:44,interieur,24.6
2014-12-09,22:06:46,interieur,24.6
2014-12-09,22:06:48,interieur,24.6
2014-12-09,22:06:50,interieur,24.5
2014-12-09,22:06:52,interieur,24.5
2014-12-09,22:06:54,interieur,24.6
2014-12-09,22:06:56,interieur,24.5
2014-12-09,22:06:58,interieur,24.6
2014-12-09,22:07:00,interieur,24.5
2014-12-09,22:07:02,interieur,24.6
2014-12-09,22:07:05,interieur,24.6
2014-12-09,22:07:06,interieur,24.6
2014-12-09,22:07:08,interieur,24.6
2014-12-09,22:07:10,interieur,24.5
2014-12-09,22:07:12,interieur,24.5
2014-12-09,22:07:15,interieur,24.6
2014-12-09,22:07:16,interieur,24.6
2014-12-09,22:07:18,interieur,24.6
2014-12-09,22:07:20,interieur,24.6
2014-12-09,22:07:22,interieur,24.5
2014-12-09,22:07:25,interieur,24.5
2014-12-09,22:07:27,interieur,24.6
2014-12-09,22:07:29,interieur,24.5
2014-12-09,22:07:31,interieur,24.6
2014-12-09,22:07:33,interieur,24.5
2014-12-09,22:07:35,interieur,24.6
2014-12-09,22:07:37,interieur,24.5
2014-12-09,22:07:39,interieur,24.6
2014-12-09,22:07:41,interieur,24.5
2014-12-09,22:07:43,interieur,24.6
2014-12-09,22:07:45,interieur,24.6
2014-12-09,22:07:47,interieur,24.6
2014-12-09,22:07:49,interieur,24.5
2014-12-09,22:07:51,interieur,24.6
2014-12-09,22:07:53,interieur,24.5
2014-12-09,22:07:55,interieur,24.5
2014-12-09,22:07:57,interieur,24.5
2014-12-09,22:07:59,interieur,24.6
2014-12-09,22:08:01,interieur,24.5
2014-12-09,22:08:03,interieur,24.6
2014-12-09,22:08:05,interieur,24.6
2014-12-09,22:08:07,interieur,24.6
2014-12-09,22:08:09,interieur,24.5
2014-12-09,22:08:11,interieur,24.6
2014-12-09,22:08:13,interieur,24.6
2014-12-09,22:08:15,interieur,24.6
2014-12-09,22:08:17,interieur,24.6
2014-12-09,22:08:19,interieur,24.6
2014-12-09,22:08:21,interieur,24.6
2014-12-09,22:08:23,interieur,24.6
2014-12-09,22:08:25,interieur,24.6
2014-12-09,22:08:27,interieur,24.6
2014-12-09,22:08:29,interieur,24.6
2014-12-09,22:08:31,interieur,24.6
2014-12-09,22:08:33,interieur,24.6
2014-12-09,22:08:35,interieur,24.6
2014-12-09,22:08:37,interieur,24.6
2014-12-09,22:08:39,interieur,24.6
2014-12-09,22:08:41,interieur,24.6
2014-12-09,22:08:43,interieur,24.6
2014-12-09,22:08:45,interieur,24.6
2014-12-09,22:08:47,interieur,24.6
2014-12-09,22:08:49,interieur,24.6
2014-12-09,22:08:51,interieur,24.6
2014-12-09,22:08:53,interieur,24.6
2014-12-09,22:08:55,interieur,24.6
2014-12-09,22:08:57,interieur,24.6
2014-12-09,22:09:00,interieur,24.6
2014-12-09,22:09:02,interieur,24.6
2014-12-09,22:09:04,interieur,24.6
2014-12-09,22:09:06,interieur,24.6
2014-12-09,22:09:08,interieur,24.6
2014-12-09,22:09:10,interieur,24.6
2014-12-09,22:09:12,interieur,24.6
2014-12-09,22:09:14,interieur,24.6
2014-12-09,22:09:16,interieur,24.6
2014-12-09,22:09:18,interieur,24.6
2014-12-09,22:09:20,interieur,24.6
2014-12-09,22:09:22,interieur,24.6
2014-12-09,22:09:24,interieur,24.6
2014-12-09,22:09:26,interieur,24.6
2014-12-09,22:09:28,interieur,24.6
2014-12-09,22:09:30,interieur,24.6
2014-12-09,22:09:32,interieur,24.6
2014-12-09,22:09:34,interieur,24.5
2014-12-09,22:09:43,interieur,24.6
2014-12-09,22:09:45,interieur,24.6
2014-12-09,22:09:47,interieur,24.6
2014-12-09,22:09:49,interieur,24.6
2014-12-09,22:09:51,interieur,24.6
2014-12-09,22:09:54,interieur,24.6
2014-12-09,22:09:56,interieur,24.6
2014-12-09,22:09:58,interieur,24.6
2014-12-09,22:10:00,interieur,24.6
2014-12-09,22:10:02,interieur,24.6
2014-12-09,22:10:04,interieur,24.6
2014-12-09,22:10:06,interieur,24.6
2014-12-09,22:10:08,interieur,24.6
2014-12-09,22:10:10,interieur,24.6
2014-12-09,22:10:12,interieur,24.6
2014-12-09,22:10:14,interieur,24.6
2014-12-09,22:10:24,interieur,24.6
2014-12-09,22:10:27,interieur,24.6
2014-12-09,22:10:28,interieur,24.6
2014-12-09,22:10:30,interieur,24.6
2014-12-09,22:10:32,interieur,24.6
2014-12-09,22:10:34,interieur,24.6
2014-12-09,22:10:36,interieur,24.6
2014-12-09,22:10:38,interieur,24.6
2014-12-09,22:10:40,interieur,24.6
2014-12-09,22:10:42,interieur,24.6
2014-12-09,22:10:44,interieur,24.6
2014-12-09,22:10:46,interieur,24.6
2014-12-09,22:10:48,interieur,24.6
2014-12-09,22:10:50,interieur,24.6
2014-12-09,22:10:52,interieur,24.6
2014-12-09,22:10:54,interieur,24.6
2014-12-09,22:10:56,interieur,24.6
2014-12-09,22:10:58,interieur,24.6
2014-12-09,22:11:00,interieur,24.6
2014-12-09,22:11:02,interieur,24.6
2014-12-09,22:11:04,interieur,24.6
2014-12-09,22:11:06,interieur,24.6
2014-12-09,22:11:08,interieur,24.6
2014-12-09,22:11:10,interieur,24.6
2014-12-09,22:11:12,interieur,24.6
2014-12-09,22:11:14,interieur,24.6
2014-12-09,22:11:16,interieur,24.6
2014-12-09,22:11:18,interieur,24.6
2014-12-09,22:11:20,interieur,24.6
2014-12-09,22:11:22,interieur,24.6
2014-12-09,22:11:24,interieur,24.6
2014-12-09,22:11:26,interieur,24.6
2014-12-09,22:11:28,interieur,24.6
2014-12-09,22:11:30,interieur,24.6
2014-12-09,22:11:32,interieur,24.6
2014-12-09,22:11:34,interieur,24.6
2014-12-09,22:11:36,interieur,24.6
2014-12-09,22:11:38,interieur,24.6
2014-12-09,22:11:40,interieur,24.6
2014-12-09,22:11:42,interieur,24.6
2014-12-09,22:11:44,interieur,24.6
2014-12-09,22:11:46,interieur,24.6
2014-12-09,22:11:48,interieur,24.6
2014-12-09,22:11:50,interieur,24.6
2014-12-09,22:11:52,interieur,24.6
2014-12-09,22:11:54,interieur,24.6
2014-12-09,22:12:07,interieur,24.6
2014-12-09,22:12:10,interieur,24.6
2014-12-09,22:12:12,interieur,24.6
2014-12-09,22:12:14,interieur,24.6
2014-12-09,22:12:16,interieur,24.6
2014-12-09,22:12:18,interieur,24.6
2014-12-09,22:12:20,interieur,24.6
2014-12-09,22:12:22,interieur,24.6
2014-12-09,22:12:24,interieur,24.6
2014-12-09,22:12:26,interieur,24.6
2014-12-09,22:12:28,interieur,24.6
2014-12-09,22:12:30,interieur,24.6
2014-12-09,22:12:32,interieur,24.6
2014-12-09,22:12:34,interieur,24.6
2014-12-09,22:12:36,interieur,24.6
2014-12-09,22:12:38,interieur,24.6
2014-12-09,22:12:40,interieur,24.6
2014-12-09,22:12:42,interieur,24.6
2014-12-09,22:12:44,interieur,24.6
2014-12-09,22:12:46,interieur,24.6
2014-12-09,22:12:49,interieur,24.6
2014-12-09,22:12:50,interieur,24.6
2014-12-09,22:12:52,interieur,24.6
2014-12-09,22:12:54,interieur,24.6
2014-12-09,22:12:56,interieur,24.6
2014-12-09,22:12:58,interieur,24.6
2014-12-09,22:13:00,interieur,24.6
2014-12-09,22:13:02,interieur,24.6
2014-12-09,22:13:04,interieur,24.6
2014-12-09,22:13:06,interieur,24.6
2014-12-09,22:13:08,interieur,24.6
2014-12-09,22:13:10,interieur,24.6
2014-12-09,22:13:12,interieur,24.6
2014-12-09,22:13:14,interieur,24.6
2014-12-09,22:13:16,interieur,24.6
2014-12-09,22:13:18,interieur,24.6
2014-12-09,22:13:20,interieur,24.6
2014-12-09,22:13:22,interieur,24.6
2014-12-09,22:13:24,interieur,24.6
2014-12-09,22:13:26,interieur,24.6
2014-12-09,22:13:29,interieur,24.6
2014-12-09,22:13:30,interieur,24.6
2014-12-09,22:13:33,interieur,24.6
2014-12-09,22:13:35,interieur,24.6
2014-12-09,22:13:37,interieur,24.6
2014-12-09,22:13:39,interieur,24.6
2014-12-09,22:13:41,interieur,24.6
2014-12-09,22:13:43,interieur,24.6
2014-12-09,22:13:45,interieur,24.6
2014-12-09,22:13:47,interieur,24.6
2014-12-09,22:14:03,interieur,24.6
2014-12-09,22:14:05,interieur,24.6
2014-12-09,22:14:07,interieur,24.6
2014-12-09,22:14:09,interieur,24.6
2014-12-09,22:14:11,interieur,24.6
2014-12-09,22:14:13,interieur,24.6
2014-12-09,22:14:15,interieur,24.6
2014-12-09,22:14:17,interieur,24.6
2014-12-09,22:14:19,interieur,24.6
2014-12-09,22:14:21,interieur,24.6
2014-12-09,22:14:23,interieur,24.6
2014-12-09,22:14:25,interieur,24.6
2014-12-09,22:14:27,interieur,24.6
2014-12-09,22:14:29,interieur,24.6
2014-12-09,22:14:31,interieur,24.6
2014-12-09,22:14:34,interieur,24.6
2014-12-09,22:14:36,interieur,24.6
2014-12-09,22:14:38,interieur,24.6
2014-12-09,22:14:40,interieur,24.6
2014-12-09,22:14:42,interieur,24.6
2014-12-09,22:14:44,interieur,24.6
2014-12-09,22:14:46,interieur,24.6
2014-12-09,22:14:48,interieur,24.6
2014-12-09,22:14:50,interieur,24.6
2014-12-09,22:14:52,interieur,24.6
2014-12-09,22:14:54,interieur,24.6
2014-12-09,22:14:56,interieur,24.6
2014-12-09,22:14:58,interieur,24.6
2014-12-09,22:15:00,interieur,24.6
2014-12-09,22:15:02,interieur,24.6
2014-12-09,22:15:04,interieur,24.6
2014-12-09,22:15:06,interieur,24.6
2014-12-09,22:15:08,interieur,24.6
2014-12-09,22:15:10,interieur,24.6
2014-12-09,22:15:12,interieur,24.6
2014-12-09,22:15:14,interieur,24.6
2014-12-09,22:15:16,interieur,24.6
2014-12-09,22:15:18,interieur,24.6
2014-12-09,22:15:20,interieur,24.6
2014-12-09,22:15:22,interieur,24.6
2014-12-09,22:15:24,interieur,24.6
2014-12-09,22:15:26,interieur,24.6
2014-12-09,22:15:28,interieur,24.6
2014-12-09,22:15:30,interieur,24.6
2014-12-09,22:15:32,interieur,24.6
2014-12-09,22:16:27,interieur,24.6
2014-12-09,22:16:36,interieur,24.6
2014-12-09,22:16:38,interieur,24.6
